country_code,country,year,debt_gdp,gdp_growth,inflation,gdp_per_capita,trade_openness,reserves_gdp,interest_revenue,DVI_Optimized,debt_velocity,trade_interest_buffer,inst_volatility,high_debt_dummy,debt_penalty_interaction,current_state,next_state,growth_deficit,LPI_Risk_Category
ALB,Albania,1995,29.4509913700363,13.3223333268813,7.79321853789217,911.320465445326,40.1386989518314,57.8164309929178,10.9478309532199,37.64684839881329,-24.9524277627469,439.4316908068349,15.578452545795335,0,0.0,Green (Sustainable),Green (Sustainable),-9.0051333268813,Stable Labor Market
ALB,Albania,1996,37.0772780150153,7.33632894771891,12.7254778087103,1020.97618050188,44.4117820054663,65.727874968168,17.8753754469328,47.870248166857294,-32.114910588135,793.8772776150442,12.363426048679717,0,0.0,Green (Sustainable),Yellow (Vulnerable),-3.0191289477189107,Stable Labor Market
ALB,Albania,1997,52.2939099492755,-11.7115732812278,33.1802743753956,728.545523729675,44.7293780649181,66.1467363039219,33.8983670395262,65.18574659442706,-11.756506090514904,1516.2528750943259,8.359016101488594,0,0.0,Yellow (Vulnerable),Yellow (Vulnerable),16.0287732812278,Moderate LPI Risk (Vulnerable)
ALB,Albania,1998,54.4034191327832,8.3100252038309,20.6428588670596,831.175344077295,47.1306266993222,66.8897163278807,36.5855300634633,67.50739607718265,-16.062842849094395,1724.2989600179185,7.355593051941079,0,0.0,Yellow (Vulnerable),Yellow (Vulnerable),-3.9928252038309004,Stable Labor Market
ALB,Albania,2011,69.1921886031503,2.46351683915714,3.42807130141503,4465.70914328865,80.6989985298954,38.1078843952678,12.9861335620343,48.59124389827589,-3.752099454811301,1047.9679732316315,5.569642897360296,1,69.1921886031503,Yellow (Vulnerable),Yellow (Vulnerable),1.8536831608428597,Moderate LPI Risk (Vulnerable)
ALB,Albania,2012,64.0504160397904,0.984129880204108,2.03159268395296,4280.93316338873,76.9683583166821,35.2019352578895,13.1809528626805,45.65297933957532,-15.233871250998192,1014.5163028900895,6.572275069429462,1,64.0504160397904,Yellow (Vulnerable),Yellow (Vulnerable),3.3330701197958916,High LPI Risk (Structural Trap)
ALB,Albania,2013,70.4662619818776,1.7072283175406,1.93762080205223,4542.92903556739,75.7506185619748,32.0678588162755,14.0450167732175,47.80019331877961,-9.410902728966903,1063.918708284537,4.07037150255056,1,70.4662619818776,Yellow (Vulnerable),Yellow (Vulnerable),2.6099716824594,Moderate LPI Risk (Vulnerable)
ALB,Albania,2014,72.9442880579616,2.24022695382642,1.62586504402604,4793.59751131525,75.0212023084129,31.3076239405158,11.2701126932717,46.777958362777404,-1.5790528567538047,845.4974044005484,6.544044984085026,1,72.9442880579616,Yellow (Vulnerable),Yellow (Vulnerable),2.07697304617358,Moderate LPI Risk (Vulnerable)
ALB,Albania,2015,79.2842872907886,2.2277040745779,1.89617402592366,4199.53912925398,71.2794476606014,37.1549499199685,10.5223217565603,50.74253094774659,15.650518351437995,750.0252829147474,6.518166786771019,1,79.2842872907886,Yellow (Vulnerable),Yellow (Vulnerable),2.0894959254220997,Moderate LPI Risk (Vulnerable)
ALB,Albania,2016,79.8771647108445,3.90893551362245,1.27543168367423,4457.63412207495,74.0144504546815,36.5030425788844,9.71519157209464,50.235582400071436,5.068912900532993,719.0645652705379,7.489645391208078,1,79.8771647108445,Yellow (Vulnerable),Yellow (Vulnerable),0.40826448637754975,Stable Labor Market
ALB,Albania,2017,74.5233409147154,3.28317593330073,1.98666133171194,5006.36012951959,76.7873817898989,36.6123906638343,7.73970302969854,46.868676532060874,-8.930861475198896,594.311531481899,7.851551411480485,1,74.5233409147154,Yellow (Vulnerable),Yellow (Vulnerable),1.0340240666992697,Moderate LPI Risk (Vulnerable)
ALB,Albania,2018,63.6337689393506,3.67141928098908,2.02805963071135,5897.65452588774,75.6940783717425,40.3435214239874,8.5813935058396,44.18686824934809,-18.2864596255759,649.5606725697849,,1,63.6337689393506,Yellow (Vulnerable),Yellow (Vulnerable),0.6457807190109195,Stable Labor Market
ALB,Albania,2019,74.8082518103115,2.06257790176122,1.41109078954251,6069.43903131027,75.382128932689,40.5810450792571,8.06655647539145,48.435508908764774,,608.0742002707756,,1,74.8082518103115,Yellow (Vulnerable),Red (Trap),2.2546220982387797,Moderate LPI Risk (Vulnerable)
ALB,Albania,2020,83.4542023899143,-3.31375636888916,1.62088661717004,6027.91350716348,59.5206994391875,45.9777272627769,8.52582072031223,53.95849528552833,,507.4628125661014,,1,83.4542023899143,Red (Trap),Red (Trap),7.6309563688891595,High LPI Risk (Structural Trap)
ALB,Albania,2021,81.9202285649265,8.96957619074095,2.04147163139545,7242.45513146613,75.5904040905009,50.9684657779317,6.50561490957785,53.654769507541324,,491.76205987217713,,1,81.9202285649265,Red (Trap),,-4.65237619074095,Stable Labor Market
ARM,Armenia,2019,50.028420686875,7.59999999853918,1.44344660770698,4597.22887399548,97.847004865327,23.9778537148483,9.96461886103154,34.3206048406926,3.476598135299305,975.0081101764821,7.602987518744941,0,0.0,Yellow (Vulnerable),Yellow (Vulnerable),-3.28279999853918,Stable Labor Market
ARM,Armenia,2020,63.4012140048923,-7.19999999920631,1.21143577838465,4268.68093304583,70.1213571368789,20.0242960055279,10.6452559038539,38.90159113480256,15.344915327522905,746.459791047608,7.9111951816249695,1,63.4012140048923,Yellow (Vulnerable),Yellow (Vulnerable),11.517199999206309,High LPI Risk (Structural Trap)
ARM,Armenia,2021,60.080359762005,5.80000000065645,7.18483629443371,4685.17997128509,79.2489057647112,23.0052590584504,10.9441131146779,38.92872813107893,12.199021276757605,867.3089889034488,,1,60.080359762005,Yellow (Vulnerable),Yellow (Vulnerable),-1.4828000006564501,Stable Labor Market
ARM,Armenia,2022,46.5518225515757,12.5999999997766,8.64091108973855,6571.97445545099,103.878629213508,25.809119072306,9.85904112150431,33.707352112848,,1024.1436770614744,,0,0.0,Yellow (Vulnerable),Yellow (Vulnerable),-8.2827999997766,Stable Labor Market
ARM,Armenia,2023,48.0562986773694,8.29999999959539,1.98041877615554,8159.08720967996,123.418750077627,22.7761912444093,11.1089311871192,33.89014322248708,,1371.0504018126207,,0,0.0,Yellow (Vulnerable),Yellow (Vulnerable),-3.9827999995953896,Stable Labor Market
ARM,Armenia,2024,47.8813384852474,5.90000000046228,0.269511978259125,8556.21406956719,150.064726588742,22.4761097067798,12.6007315078858,34.60977398579716,,1890.9253285490292,,0,0.0,Yellow (Vulnerable),,-1.5828000004622806,Stable Labor Market
AZE,Azerbaijan,2008,4.57653797474662,10.591437462476,20.8490871772712,5574.46810432575,89.2428968637573,142.997640976669,0.165248327302864,48.347502554724976,,14.7472394303979,,0,0.0,Green (Sustainable),Green (Sustainable),-6.274237462476,Stable Labor Market
AZE,Azerbaijan,2009,6.29501240116287,9.36950260277183,1.45704835970321,4950.39949009423,74.7440416836369,117.121445646584,0.540618517042879,40.28473653020968,,40.40801297279891,,0,0.0,Green (Sustainable),Green (Sustainable),-5.05230260277183,Stable Labor Market
AZE,Azerbaijan,2010,6.38557579182856,4.78883248761557,5.72687224669605,5843.5337683582,74.9859884610856,87.9700122168433,0.198602242445573,30.975832300316302,,14.892385460369463,,0,0.0,Green (Sustainable),,-0.47163248761557064,Stable Labor Market
BGD,Bangladesh,2001,31.4618431575804,5.07728777526728,2.0071737421384,394.65641001891,32.0980170730117,8.71652249920152,15.4626071936564,25.468285666398003,,496.3190296952566,,0,0.0,Green (Sustainable),Green (Sustainable),-0.7600877752672801,Stable Labor Market
BGD,Bangladesh,2002,31.863991518402,3.83312393993225,3.33256493271913,393.886422327628,28.9673807211649,10.317457957716,16.4785728013157,26.84127871806287,,477.3410920771447,,0,0.0,Green (Sustainable),Green (Sustainable),0.48407606006774984,Stable Labor Market
BGD,Bangladesh,2003,31.2044521104432,4.73956739963045,5.66870773441476,426.74880754362,27.657884900158,14.2330258441052,16.6804482900718,28.041533313159665,,461.3459188898432,,0,0.0,Green (Sustainable),,-0.42236739963045,Stable Labor Market
BLR,Belarus,1995,16.8800606245315,-10.4000003781854,709.346032118606,1370.69991385664,103.718194772782,22.2595949081746,0.793620313168666,41.87176249386698,-3.3004820145498,82.31286621686395,3.5477830954505536,0,0.0,Green (Sustainable),Green (Sustainable),14.7172003781854,Moderate LPI Risk (Vulnerable)
BLR,Belarus,1996,11.5201288580528,2.80000456599095,52.7120767531954,1427.26896385327,96.7748997857579,23.9493703399283,2.094505423212,15.675242518810547,-3.5829885908842005,202.69555243206773,3.418874713466533,0,0.0,Green (Sustainable),Green (Sustainable),1.5171954340090497,Moderate LPI Risk (Vulnerable)
BLR,Belarus,1997,12.1714690728675,11.4000054007553,63.9373663357478,1396.44201900881,125.516179156558,18.9065265865753,2.03234351802542,14.726002409095072,-2.8429827434631,255.09199311614796,3.438063643211123,0,0.0,Green (Sustainable),Green (Sustainable),-7.0828054007553,Stable Labor Market
BLR,Belarus,1998,20.1805426390813,8.3999913697987,72.8697170535354,1511.32531567314,122.957697735989,29.4474038516375,2.48896508902058,21.966495447836486,8.739925864106299,306.03741709122147,3.40735758465763,0,0.0,Green (Sustainable),Green (Sustainable),-4.0827913697987,Stable Labor Market
BLR,Belarus,1999,15.103117448937,3.3999992040046,293.678750889773,1210.6117195862,120.835117829629,10.8857808178698,2.22424279743267,22.364161172814466,2.7664314364572,268.7666405094803,3.48503109570228,0,0.0,Green (Sustainable),Green (Sustainable),0.9172007959953996,Stable Labor Market
BLR,Belarus,2000,15.0144518163306,5.80000327485702,168.620235850934,1276.2880341,141.609165955024,13.3767018217633,2.87505057676599,18.70115284234674,8.444231228660332,407.1335142543425,3.704676820029722,0,0.0,Green (Sustainable),Green (Sustainable),-1.4828032748570203,Stable Labor Market
BLR,Belarus,2001,11.440616774975,4.72530605111095,61.1349331618476,1244.37318523431,137.044930473063,13.9590520884427,2.49229592640079,13.038186573993883,4.79621494319128,341.5565219518944,2.66404583578225,0,0.0,Green (Sustainable),Green (Sustainable),-0.4081060511109502,Stable Labor Market
BLR,Belarus,2002,12.3366860124798,5.04526758311702,42.5375481348794,1479.38066337175,131.002058282291,20.2224100029647,2.04412952091971,14.392264669695193,3.427425196118401,267.7851746360754,2.5167473036378567,0,0.0,Green (Sustainable),Green (Sustainable),-0.7280675831170207,Stable Labor Market
BLR,Belarus,2005,6.57022058767027,9.40000151584914,10.3388794457932,3126.07176665248,118.88435169233,25.3165072259079,1.02827123709673,11.787019276416142,-4.086413780867431,122.24535938611488,4.937520234780103,0,0.0,Green (Sustainable),Green (Sustainable),-5.082801515849141,Stable Labor Market
BLR,Belarus,2006,6.64440183178372,9.99999473022963,6.99712903535585,3848.22350300163,124.295103889386,21.1275442955885,0.906855391161801,10.275029461145765,-11.913060152166079,112.71768505710584,5.6573904128193035,0,0.0,Green (Sustainable),Green (Sustainable),-5.682794730229631,Stable Labor Market
BLR,Belarus,2007,8.9092608163614,8.60000659811426,8.42675273505309,4735.48107556066,128.153877979073,33.3589348579889,0.925231948178535,15.158180857777921,-9.9959849103474,118.57206218921198,12.125055739637633,0,0.0,Green (Sustainable),Green (Sustainable),-4.282806598114261,Stable Labor Market
BLR,Belarus,2008,10.6566343685377,10.1999994860937,14.8378764828254,6376.17569162063,129.599478545475,20.2150382121315,1.37327302786957,12.210009845891378,-28.7601764827373,177.97546831246183,10.707179462774153,0,0.0,Green (Sustainable),Green (Sustainable),-5.882799486093701,Stable Labor Market
BLR,Belarus,2009,18.5574619839498,0.199995231733979,12.9456563410401,5352.48809190697,108.63564482836,25.5459693030571,2.06936836510638,17.480167279575483,-5.871851439106901,224.8071667307407,8.487786151359824,0,0.0,Green (Sustainable),Green (Sustainable),4.117204768266021,Moderate LPI Risk (Vulnerable)
BLR,Belarus,2010,18.9052457267088,7.75001707500896,7.735748043125,6034.67885177216,115.917972989303,17.6876484330789,1.75481587286579,14.713786273390173,-4.9320498285303,203.41469895205682,7.735278952191145,0,0.0,Green (Sustainable),Green (Sustainable),-3.43281707500896,Stable Labor Market
BLR,Belarus,2011,39.416810851275,5.54997471638077,53.2286983118174,6527.6593428786,157.974255073313,23.1732856665727,2.97158312012748,27.305323628880195,14.868084584581304,469.4336297905698,7.828325789510285,0,0.0,Green (Sustainable),Green (Sustainable),-1.2327747163807699,Stable Labor Market
BLR,Belarus,2012,24.4293134230567,1.70785253368828,59.2197360232518,6953.21591683101,153.085269313372,23.9810899688809,3.77856451146353,22.240033083499217,-13.168864628926702,578.4425658553445,7.6813402286230845,0,0.0,Green (Sustainable),Green (Sustainable),2.6093474663117195,Moderate LPI Risk (Vulnerable)
BLR,Belarus,2013,23.8372955552391,0.998719299661161,18.3122610377873,7998.0802045456,119.815965235724,16.8148435583615,2.82362071471584,17.52427481288447,-15.086802855486699,338.3148413932632,8.04587235051911,0,0.0,Green (Sustainable),Green (Sustainable),3.3184807003388386,Moderate LPI Risk (Vulnerable)
BLR,Belarus,2014,24.5487262666937,1.65112470228097,18.1195543526734,8341.31809294883,110.651424367582,12.664909807008,3.11598379564113,16.668727521175555,-15.331378264636399,344.78804529399554,6.2795119628881215,0,0.0,Green (Sustainable),Green (Sustainable),2.6660752977190296,Moderate LPI Risk (Vulnerable)
BLR,Belarus,2015,37.5981780519834,-3.82957056812593,13.5344897649735,5967.05595058777,115.914826201946,10.9070151443608,4.80807704225813,22.29598578836944,0.5024410611307033,557.3274147189178,2.5427842144348314,0,0.0,Green (Sustainable),Green (Sustainable),8.14677056812593,Moderate LPI Risk (Vulnerable)
BLR,Belarus,2016,38.9240984107258,-2.5264464460425,11.8365807653496,5039.77560949445,125.209322899662,13.081391526721,5.69444864002547,24.02622706702239,5.679894468235496,712.9980585044902,,0,0.0,Green (Sustainable),Green (Sustainable),6.8436464460424995,Moderate LPI Risk (Vulnerable)
BLR,Belarus,2017,39.8801045313301,2.53218349471909,6.03183725177785,5785.54491935194,133.367754723012,18.4801835036805,5.38393529815683,25.71160756579816,,718.0433622891467,,0,0.0,Green (Sustainable),Green (Sustainable),1.7850165052809097,Moderate LPI Risk (Vulnerable)
BLR,Belarus,2018,37.0957369908527,3.14919758275296,4.8723022055069,6360.037502312,139.393736250171,18.4627536248226,5.17258744173466,24.39867795312313,,721.0262895841079,,0,0.0,Green (Sustainable),Green (Sustainable),1.1680024172470396,Moderate LPI Risk (Vulnerable)
BLR,Belarus,2019,33.2442039424903,1.44645548204305,5.59815595039854,6837.77339645635,130.850406102184,23.0613001630684,4.95858653059082,24.19619056838095,,648.8330612206283,,0,0.0,Green (Sustainable),,2.8707445179569495,Moderate LPI Risk (Vulnerable)
BLZ,Belize,1995,27.5080847835654,0.731558011871286,2.88961584372151,4009.82752539849,77.3367628065445,14.7392938728842,9.85366638695067,22.24051797778301,-39.107497007874194,762.0506601424242,22.504612479984885,0,0.0,Green (Sustainable),Green (Sustainable),3.585641988128714,Moderate LPI Risk (Vulnerable)
BLZ,Belize,1996,29.2899620868898,1.10530578663676,5.96502097537242,4043.26517997242,79.5739076328491,20.7436029268566,9.7754767451894,24.945116980088432,-49.274630736145696,777.8728835887656,19.435747414067524,0,0.0,Green (Sustainable),Yellow (Vulnerable),3.21189421336324,Moderate LPI Risk (Vulnerable)
BLZ,Belize,2002,50.4310172089739,5.39907320663811,4.24026660688645,4858.86062599362,93.0794584713606,13.4788233379595,15.3587004841946,34.68849535042192,-19.2527727212058,1429.579523892657,10.17688293172368,0,0.0,Yellow (Vulnerable),Yellow (Vulnerable),-1.08187320663811,Stable Labor Market
BLZ,Belize,2003,66.6155817914396,9.66522679614125,2.31808274663101,4959.74012434605,94.3631228859413,7.97603665040269,18.1548303285842,41.19944082470653,-0.4856291703237048,1713.146485269605,5.59126682381637,1,66.6155817914396,Yellow (Vulnerable),Yellow (Vulnerable),-5.34802679614125,Stable Labor Market
BLZ,Belize,2004,78.5645928230355,4.78066505273344,6.39443099742399,5153.71308265363,86.3853536846826,4.99593770724987,37.3954109459422,57.528718510969625,14.46714696052939,3230.4158007492683,6.435193220825461,1,78.5645928230355,Yellow (Vulnerable),Yellow (Vulnerable),-0.4634650527334401,Stable Labor Market
BLZ,Belize,2005,69.6837899301797,2.2191905367057,-1.1043104441191,5270.41479135312,92.9971266332515,6.9742088835349,27.8695240753967,48.19179392252832,7.650497813553699,2591.7856596481183,2.9295477923501556,1,69.6837899301797,Yellow (Vulnerable),Yellow (Vulnerable),2.0980094632942996,Moderate LPI Risk (Vulnerable)
BLZ,Belize,2006,67.1012109617633,4.51145460193301,-7.11376771265014,5524.78167834986,98.8810743235728,10.7871576101921,27.4233487621254,47.84409272398661,2.151257236591505,2711.65018714898,1.831141182724903,1,67.1012109617633,Yellow (Vulnerable),Yellow (Vulnerable),-0.19425460193301003,Stable Labor Market
BLZ,Belize,2007,64.0974458625061,3.33939738340764,2.31808274642021,5762.21023302938,95.9555511519831,10.0895181042337,15.2046559712065,38.970064841201314,0.05834188674501206,1458.9711437934106,1.2333564426613879,1,64.0974458625061,Yellow (Vulnerable),Yellow (Vulnerable),0.9778026165923599,Stable Labor Market
BLZ,Belize,2008,62.033292116626,-1.62747776449082,6.39443100250034,5711.81458859709,105.461874277231,13.0243875497992,13.6016522291538,38.20400351995973,-0.3787269923744958,1434.4557373536368,1.5484531601741767,1,62.033292116626,Yellow (Vulnerable),Yellow (Vulnerable),5.9446777644908195,High LPI Risk (Structural Trap)
BLZ,Belize,2009,64.9499537251718,-0.446709636828217,-1.10431044864355,5399.67100001919,89.5808843860925,16.5496119368874,13.5459429342331,40.18332990032235,3.8114065518222944,1213.457547892142,1.7191519027114124,1,64.9499537251718,Yellow (Vulnerable),Yellow (Vulnerable),4.763909636828217,High LPI Risk (Structural Trap)
BLZ,Belize,2010,64.0391039757611,1.41741099233461,0.917977378808888,5461.40735999001,94.8581591507411,16.7193515154338,13.3488792198958,39.820973431173336,2.904806266324492,1266.2501095248965,1.2987021036159994,1,64.0391039757611,Yellow (Vulnerable),Yellow (Vulnerable),2.8997890076653894,Moderate LPI Risk (Vulnerable)
BLZ,Belize,2011,62.4120191090005,-0.13007112300869,1.602056156402,5596.05222152289,106.914960208874,18.601737160654,12.3730758079018,39.16561092545148,1.381187335125695,1322.8669076632027,,1,62.4120191090005,Yellow (Vulnerable),Yellow (Vulnerable),4.44727112300869,High LPI Risk (Structural Trap)
BLZ,Belize,2012,61.1385471733495,3.94389321816617,1.30058074547858,5732.66519942347,111.166652365429,24.1503780220397,7.08176628465558,37.029146791564614,,787.2562506995226,,1,61.1385471733495,Yellow (Vulnerable),Yellow (Vulnerable),0.3733067818338296,Stable Labor Market
BLZ,Belize,2013,61.1342977094366,4.06646561608865,0.50974776898322,5957.34953619006,108.672614067831,32.2418495002666,8.89164852268159,40.73145902871061,,966.2786883321762,,1,61.1342977094366,Yellow (Vulnerable),Yellow (Vulnerable),0.2507343839113494,Stable Labor Market
BLZ,Belize,2014,61.0308317738748,3.89226067249989,1.20139964481058,6128.12053089077,107.112517468788,37.8351756496298,9.09314144656092,42.62787463726234,,973.9892720409168,,1,61.0308317738748,Yellow (Vulnerable),,0.4249393275001099,Stable Labor Market
BTN,Bhutan,1995,28.2639492340235,7.07411745757784,9.48754836789369,530.103676927417,83.8829086495551,123.341993581371,5.58859836157558,54.69760587017693,-2.8186776582899995,468.78788584309774,3.8842501572835157,0,0.0,Green (Sustainable),Green (Sustainable),-2.75691745757784,Stable Labor Market
BTN,Bhutan,1996,37.853277255727,5.56517288179062,8.79001381935162,552.873891403681,84.629491433895,168.144571618702,4.65954696959391,72.24242324621557,1.7599183470773028,394.33509034907917,3.130935616112499,0,0.0,Green (Sustainable),Green (Sustainable),-1.24797288179062,Stable Labor Market
BTN,Bhutan,1997,31.9367467746927,5.37383854585261,6.50548718269086,630.447410148304,85.2114372285036,157.763751803817,4.39670573881215,66.28119104837953,-5.355646583046102,374.64961507499305,15.022274094320917,0,0.0,Green (Sustainable),Green (Sustainable),-1.0566385458526106,Stable Labor Market
BTN,Bhutan,1998,31.0826268923135,5.91403093576604,10.5855899892463,638.278962310609,85.5831350923996,150.140366109709,2.11061075747566,62.203678971642425,-36.085364102857795,180.63268558451125,15.057726232559828,0,0.0,Green (Sustainable),Green (Sustainable),-1.5968309357660404,Stable Labor Market
BTN,Bhutan,1999,36.0933589086497,7.98397179406629,6.77699393553632,685.419830628567,85.866205982457,152.205067861635,1.23368260844114,64.18398086467641,-18.028421675462205,105.93164497338178,14.913328296905963,0,0.0,Green (Sustainable),Green (Sustainable),-3.6667717940662907,Stable Labor Market
BTN,Bhutan,2000,37.2923933577388,3.35506838174288,4.01212081070342,771.924911410619,74.0264971104432,150.129708301845,1.02976297475668,63.770914467018216,-28.336367914753495,76.22974587526677,13.89082574704833,0,0.0,Green (Sustainable),Yellow (Vulnerable),0.9621316182571196,Stable Labor Market
BTN,Bhutan,2001,67.1679909951713,7.32837435673082,3.41478946111594,812.238210772056,71.0945747295588,118.57255335913,0.90353613616127,65.70701299959381,-4.731347498412504,64.23651735317424,8.175093608120957,1,67.1679909951713,Yellow (Vulnerable),Yellow (Vulnerable),-3.0111743567308205,Stable Labor Market
BTN,Bhutan,2002,54.1217805841119,10.4437797168913,2.45535714285714,895.799489930972,70.2833172005966,91.9439265523117,1.31657621939464,52.16191721363518,-21.5739294501673,92.53334404647575,8.413712076932379,0,0.0,Yellow (Vulnerable),Yellow (Vulnerable),-6.1265797168913,Stable Labor Market
BTN,Bhutan,2003,65.6287612724923,7.78656040877364,2.57230861693339,1022.38240311018,72.8499006593611,74.2659949303358,2.40739373368042,51.887811204967846,-5.6687943842837,175.378394346587,6.209467855775919,1,65.6287612724923,Yellow (Vulnerable),Yellow (Vulnerable),-3.4693604087736407,Stable Labor Market
BTN,Bhutan,2004,71.8993384935838,5.15725736177561,4.10593698272958,1130.35934606796,89.0605518004294,66.2911793751422,2.12374765908462,51.7634399116845,12.088265679200795,189.14213840294647,7.998921649844222,1,71.8993384935838,Yellow (Vulnerable),Yellow (Vulnerable),-0.8400573617756102,Stable Labor Market
BTN,Bhutan,2005,75.6957100342792,6.93507146766659,5.3126310463775,1299.94938578359,97.7434135429344,71.1886434653154,3.88389887131885,56.03230415909918,17.9991801777727,379.6255335382545,9.328794113414665,1,75.6957100342792,Yellow (Vulnerable),Yellow (Vulnerable),-2.61787146766659,Stable Labor Market
BTN,Bhutan,2006,71.297555656776,5.6408051539139,5.00045438022541,1405.6071618158,108.157794891125,75.6226911411035,2.84010173072752,54.98615419906229,17.360805993672898,307.1791404619562,7.812792325754402,1,71.297555656776,Yellow (Vulnerable),Yellow (Vulnerable),-1.3236051539139,Stable Labor Market
BTN,Bhutan,2007,59.811072814383,16.1047836542012,5.15611138758463,1850.41570433398,106.929022415,87.2461399836154,2.75627399686714,53.99198681889632,8.891542641606705,294.7256839928881,3.5309552171600145,0,0.0,Yellow (Vulnerable),Yellow (Vulnerable),-11.7875836542012,Stable Labor Market
BTN,Bhutan,2008,57.6965298565065,4.52944877696235,8.32716049382713,1919.59774896395,101.954235669521,110.349130049691,9.40608893634145,64.86763581187883,0.14688176571630152,958.9906081442302,6.052744118102948,0,0.0,Yellow (Vulnerable),Yellow (Vulnerable),-0.21224877696235023,Stable Labor Market
BTN,Bhutan,2009,53.9367496631031,7.66749238553135,4.36112219119805,1918.39599211093,101.559411565244,113.266122279805,8.40682176412187,63.48354951005298,-13.078065959821103,853.7918714981037,15.370391562705503,0,0.0,Yellow (Vulnerable),Yellow (Vulnerable),-3.3502923855313504,Stable Labor Market
BTN,Bhutan,2010,50.9195301727763,11.9318738376229,7.03638316073019,2435.5798056672,105.010666693593,107.223166640726,6.53087674046061,59.241300324020344,-38.02968430965161,685.8117206094482,16.67308699871429,0,0.0,Yellow (Vulnerable),Yellow (Vulnerable),-7.614673837622901,Stable Labor Market
BTN,Bhutan,2011,57.5496480907902,8.4892584842808,8.848985699468,2787.97967608562,102.795600221106,73.7645463454406,6.43483061643317,51.2698009169177,-27.449423041211503,661.4722755373972,13.184123859396923,0,0.0,Yellow (Vulnerable),Yellow (Vulnerable),-4.1720584842808,Stable Labor Market
BTN,Bhutan,2012,67.0148156229242,5.16482012683895,10.919656944683,2751.2128864294,94.0450271469571,65.8558290345514,5.75087901179539,52.22547383739928,-14.035745387233803,540.8415727831632,9.810015917529201,1,67.0148156229242,Yellow (Vulnerable),Red (Trap),-0.84762012683895,Stable Labor Market
BTN,Bhutan,2013,88.9492144824279,1.73634039505693,8.77638345268213,2679.95217201538,95.0525382780424,60.8854426754968,8.63185857849716,61.280309999184375,-3.341986831152994,820.4800679432501,5.814641207679895,1,88.9492144824279,Red (Trap),Red (Trap),2.5808596049430697,Moderate LPI Risk (Vulnerable)
BTN,Bhutan,2014,84.9990711320017,5.88108550658288,8.27106093949328,2849.49998647303,87.9342562013295,64.1415165348164,5.58573790007941,58.75442387018223,-10.779613892037602,491.17770757905913,6.66973296534712,1,84.9990711320017,Red (Trap),Red (Trap),-1.5638855065828805,Stable Labor Market
BTN,Bhutan,2015,81.050561010158,6.66080128866197,4.54814395082205,2954.04081911097,89.6391604595496,52.2560289149637,5.75592351446719,53.33136778410814,-14.797260192078994,515.956151506219,6.070163257374907,1,81.050561010158,Red (Trap),Red (Trap),-2.3436012886619704,Stable Labor Market
BTN,Bhutan,2016,92.2912013135809,8.47594339232963,3.21988689395718,3152.30905106786,76.3847528498375,47.1729220112151,5.00174619645363,55.73048900906989,1.9338487263398036,382.0571470337253,8.144345913433634,1,92.2912013135809,Red (Trap),Red (Trap),-4.1587433923296295,Stable Labor Market
BTN,Bhutan,2017,95.7786850240393,2.08684522733067,4.95508366985129,3435.28804735662,76.7884016850221,44.5443158197882,4.67268019622915,56.16199301068144,-15.22919907548669,358.80764385369184,,1,95.7786850240393,Red (Trap),Red (Trap),2.2303547726693296,Moderate LPI Risk (Vulnerable)
BTN,Bhutan,2018,95.847821202237,3.50187185732737,2.72396386183713,3400.20417245342,79.7397203296083,37.2268313013716,4.03587795704782,53.36465446064468,,321.81977957942405,,1,95.847821202237,Red (Trap),Red (Trap),0.8153281426726298,Stable Labor Market
BTN,Bhutan,2019,90.3573525872411,5.75514851246506,2.72643037388832,3576.87987100503,76.1235167041505,44.1675414959743,3.43867185187086,52.97242473151373,,261.76379415598353,,1,90.3573525872411,Red (Trap),Red (Trap),-1.4379485124650602,Stable Labor Market
BTN,Bhutan,2020,111.007884099526,-10.2183974208569,5.62936522632508,3191.66906999331,71.8303510394637,44.0847112448709,1.51596119339446,60.19395410967416,,108.89202468372837,,1,111.007884099526,Red (Trap),,14.5355974208569,High LPI Risk (Structural Trap)
BOL,Bolivia,1995,57.4113793922892,4.67827659710034,10.1932067630745,852.754034861444,49.737987097898,18.7615458728665,12.5461190993414,37.63411554800068,10.336186798855096,624.0187098917343,5.3335356928589635,0,0.0,Yellow (Vulnerable),Yellow (Vulnerable),-0.36107659710034046,Stable Labor Market
BOL,Bolivia,1996,47.8828066229933,4.36134195244541,12.4254866180049,922.113259069714,49.8562913723023,24.6737756007115,9.94401103858197,34.08507676603141,-8.374776360944203,495.7715117489331,6.205361859550983,0,0.0,Yellow (Vulnerable),Yellow (Vulnerable),-0.044141952445410304,Stable Labor Market
BOL,Bolivia,1997,46.5365054086561,4.95420874299724,4.70844436028193,970.351843368594,50.4696628058748,25.5793238417239,8.99224019881321,32.92247999021711,-13.5726923317497,453.83533070353525,9.190594875244594,0,0.0,Yellow (Vulnerable),Yellow (Vulnerable),-0.6370087429972404,Stable Labor Market
BOL,Bolivia,1998,47.0751925934341,5.02935475543048,7.67322895675083,1022.14506519545,52.2811629581228,21.427884756879,8.63693047699639,31.70515937540852,-21.264660171096203,451.54876972582554,,0,0.0,Yellow (Vulnerable),Yellow (Vulnerable),-0.7121547554304799,Stable Labor Market
BOL,Bolivia,1999,56.2575829839375,0.426885422588768,2.15951626835598,979.344494964572,44.1682564870165,22.0786341114887,6.5362744485409,34.07705774460906,,288.6958463126868,,0,0.0,Yellow (Vulnerable),Yellow (Vulnerable),3.8903145774112318,Moderate LPI Risk (Vulnerable)
BOL,Bolivia,2000,60.1091977404058,2.50781080899505,4.60822998872598,975.777060358751,45.5977750218555,20.0942713618779,8.72688429160828,36.497449157886194,,397.92650657051917,,1,60.1091977404058,Yellow (Vulnerable),Yellow (Vulnerable),1.8093891910049495,Moderate LPI Risk (Vulnerable)
BOL,Bolivia,2001,68.3398527645303,1.68379912721821,1.58965377879568,930.168227214313,45.2278224315522,23.9051649192333,10.5441120096209,42.0887766656134,,476.88722566953106,,1,68.3398527645303,Yellow (Vulnerable),,2.63340087278179,Moderate LPI Risk (Vulnerable)
BIH,Bosnia and Herzegovina,2011,45.8346943048337,0.959511709726897,3.67125,4982.69375768263,87.8363477136556,34.232582230897,1.40267944958942,30.511592012285796,-7.6661649918791,123.20623986493534,2.982445900578421,0,0.0,Yellow (Vulnerable),Yellow (Vulnerable),3.357688290273103,Moderate LPI Risk (Vulnerable)
BIH,Bosnia and Herzegovina,2012,49.0902635470572,-0.821837252962993,2.05267452001717,4693.78899115381,88.1451088628529,33.6171002783204,1.74140778033952,31.787473402697906,-3.147863500734303,153.496578372646,2.4747825493054427,0,0.0,Yellow (Vulnerable),Yellow (Vulnerable),5.139037252962993,Moderate LPI Risk (Vulnerable)
BIH,Bosnia and Herzegovina,2013,49.6097495570649,2.34985873172397,-0.0930456838317588,5034.56634817068,87.9312380280562,36.0141763430431,1.73253256755116,32.67330262445613,2.2381859817581002,152.34373358870042,3.5094956158726736,0,0.0,Yellow (Vulnerable),Yellow (Vulnerable),1.9673412682760296,Moderate LPI Risk (Vulnerable)
BIH,Bosnia and Herzegovina,2014,53.5008592967128,1.15384793371298,-0.897194054194333,5206.06573475132,90.5522780395662,37.0142887410988,1.9749519141319,34.69157343198163,8.607627616788598,178.8363948432453,4.279546349026387,0,0.0,Yellow (Vulnerable),Yellow (Vulnerable),3.16335206628702,Moderate LPI Risk (Vulnerable)
BIH,Bosnia and Herzegovina,2016,52.2381270477915,3.24225822231566,-1.58410000000002,4928.5665903114,88.2440340022738,44.0339757730232,2.0243004121783,36.42274168227725,8.214555628405904,178.6324344030788,3.2841890082168157,0,0.0,Yellow (Vulnerable),Yellow (Vulnerable),1.0749417776843395,Moderate LPI Risk (Vulnerable)
BIH,Bosnia and Herzegovina,2017,47.3715635753068,3.24409895306594,0.810133321953039,5345.01978766473,96.6458803566861,49.5595809392239,1.71680726266941,36.10954058963556,1.949930776049598,165.92234930343758,1.4098966151669579,0,0.0,Yellow (Vulnerable),Yellow (Vulnerable),1.0731010469340596,Moderate LPI Risk (Vulnerable)
BIH,Bosnia and Herzegovina,2018,44.8932316799242,3.82900399349064,1.41710814018034,6047.84707207392,98.4320694182631,52.447278837074,1.72198688298809,36.05313668986942,-2.081587707767504,169.49873240362217,1.9295070588721461,0,0.0,Yellow (Vulnerable),Yellow (Vulnerable),0.48819600650935957,Stable Labor Market
BIH,Bosnia and Herzegovina,2019,44.0235714193856,2.88585242083978,0.56278215406123,6122.37541352353,94.516125154246,56.7663415856987,1.62614804060865,36.98347648653991,2.280060895082599,153.69721172549907,2.6977846417360793,0,0.0,Yellow (Vulnerable),Yellow (Vulnerable),1.4313475791602195,Moderate LPI Risk (Vulnerable)
BIH,Bosnia and Herzegovina,2020,45.4216327992572,-3.01509335460439,-1.0512960076349,6130.31187968266,82.5216467994007,62.2819521290763,1.80680613657444,39.360734687260454,5.111514165718205,149.10061783738567,3.160341753259294,0,0.0,Yellow (Vulnerable),Yellow (Vulnerable),7.33229335460439,Moderate LPI Risk (Vulnerable)
BIH,Bosnia and Herzegovina,2021,46.9748193876917,7.39164256472846,1.98163900587622,7295.34378682258,96.7391144408744,68.9264335331917,1.51220444044915,42.03698966677061,7.066020573696299,146.28931842260874,,0,0.0,Yellow (Vulnerable),Yellow (Vulnerable),-3.07444256472846,Stable Labor Market
BIH,Bosnia and Herzegovina,2022,41.743510524303,4.22681333390325,14.0208440826771,7655.59421024383,110.205284377387,65.1912354434643,1.47421825798713,39.169134098702244,,162.46664235580772,,0,0.0,Yellow (Vulnerable),Yellow (Vulnerable),0.09038666609674983,Stable Labor Market
BIH,Bosnia and Herzegovina,2023,40.310118633539,1.99439414850893,6.1059011284828,8663.02326458629,99.6330317954442,66.3735763351051,2.01260988817913,39.00310838741939,,200.52242498077666,,0,0.0,Yellow (Vulnerable),Green (Sustainable),2.3228058514910694,Moderate LPI Risk (Vulnerable)
BIH,Bosnia and Herzegovina,2024,39.9087988139954,2.9715174617652,1.69212733599724,9358.78768951134,95.1562957108171,67.8177175008314,2.38061973712809,39.365143509366405,,226.5309556811682,,0,0.0,Green (Sustainable),,1.3456825382347999,Moderate LPI Risk (Vulnerable)
BWA,Botswana,1995,10.972076070214,7.03041024834083,10.512546081579,3156.18194514079,94.595171646002,654.7389240167,1.69560549405798,214.6386492173663,5.0288996570955,160.39609275431863,2.5521312286041202,0,0.0,Green (Sustainable),Green (Sustainable),-2.7132102483408307,Stable Labor Market
BWA,Botswana,1996,11.1567555492122,5.82980001379714,10.0828580652108,3156.26865681161,90.955575275056,802.459970459294,1.25015387561379,261.50039010810485,3.1527255754455403,113.70846493879309,5.548839977071096,0,0.0,Green (Sustainable),Green (Sustainable),-1.5126000137971403,Stable Labor Market
BWA,Botswana,2006,6.02356808660498,8.36387109282306,11.5552187914379,5291.58379144849,86.612433913524,2191.30845169158,0.860668348146778,701.9426464987977,-13.228213781961818,74.54458042532467,7.720944329216207,0,0.0,Green (Sustainable),Green (Sustainable),-4.046671092823061,Stable Labor Market
BWA,Botswana,2007,5.9431764131185,5.79255577727118,7.08099847172693,5529.12574632532,98.4965249407252,2302.44161957135,0.870662283683668,737.168515463857,-15.943120639453799,85.75720933979717,7.633762291227249,0,0.0,Green (Sustainable),Green (Sustainable),-1.4753557772711803,Stable Labor Market
BWA,Botswana,2008,8.00402997376666,3.25207295796832,12.7021883920076,5503.07395314313,99.008222007989,2033.10128091139,0.929479438134161,652.4024685790771,-13.070332308532041,92.0261065626479,5.761541833209311,0,0.0,Green (Sustainable),Green (Sustainable),1.0651270420316798,Moderate LPI Risk (Vulnerable)
BWA,Botswana,2009,19.2517818685668,-14.1442346163423,8.02729703109582,5082.93388332404,88.4807886337378,529.663216889198,1.23605006768161,177.73284249450825,-1.3713989165424003,109.36668477925383,1.2188189045843756,0,0.0,Green (Sustainable),Green (Sustainable),18.461434616342302,Moderate LPI Risk (Vulnerable)
BWA,Botswana,2010,21.8862970525723,10.119723322694,6.94887658743103,6215.73216077919,94.6390020873926,436.385159533601,1.64435518876132,149.28516267770732,2.8699157638547987,155.62013414159742,1.4747813701544663,0,0.0,Green (Sustainable),Green (Sustainable),-5.802523322694,Stable Labor Market
BWA,Botswana,2011,21.0743622822987,6.83841052493574,8.45987233408583,7287.38295334919,98.9614677801469,337.421678614236,1.52832721945124,117.39486996523961,2.7486286748215,151.2455048852454,1.1667254698535197,0,0.0,Green (Sustainable),Green (Sustainable),-2.52121052493574,Stable Labor Market
BWA,Botswana,2012,20.6231807851092,-0.170857099335691,7.53690261091916,6595.53845015424,111.875280620952,303.004443429937,1.61567688157341,106.26129278392781,1.5362031113261985,180.75430451880987,1.7597739808350565,0,0.0,Green (Sustainable),Green (Sustainable),4.48805709933569,Moderate LPI Risk (Vulnerable)
BWA,Botswana,2013,19.0163812887175,11.1029068737822,5.88460707056817,6666.91219583487,125.78303991122,324.896734520726,1.40638404444493,112.39150609998968,3.2114289772001,176.89926039291964,2.015719903902311,0,0.0,Green (Sustainable),Green (Sustainable),-6.7857068737822,Stable Labor Market
BWA,Botswana,2014,18.3257336074772,5.69714422072884,4.40225309243427,7122.36423421503,119.497541791464,334.196373987034,1.25655789093106,114.92321128817713,3.6449644307029008,150.1555790849282,1.9589772454702286,0,0.0,Green (Sustainable),Green (Sustainable),-1.3799442207288406,Stable Labor Market
BWA,Botswana,2015,19.086977673783,-4.85132507409779,3.06203169580558,6141.20394726616,112.900891016005,339.457664192421,1.7027696395195,117.14161422248726,3.8562625295221,192.2442094967532,1.7130611423981044,0,0.0,Green (Sustainable),Green (Sustainable),9.16852507409779,Moderate LPI Risk (Vulnerable)
BWA,Botswana,2016,15.8049523115174,7.20442475914267,2.81495791361944,6749.05994339013,100.464689766026,338.90019048844,1.53116489095053,115.51565690825036,-0.3889519982006,153.82800574997603,1.9376665479446968,0,0.0,Green (Sustainable),Green (Sustainable),-2.8872247591426703,Stable Labor Market
BWA,Botswana,2017,14.6807691767743,4.11437856445083,3.30828076768219,7104.96401088027,81.9239513763494,432.442116561293,1.75655829604472,145.0410032112609,-4.935364069895099,143.90419643489076,,0,0.0,Green (Sustainable),Green (Sustainable),0.20282143554916932,Stable Labor Market
BWA,Botswana,2018,15.2307151442609,4.18869237159223,3.23801558947715,7407.95940141786,87.4551039946493,375.25538337111,2.04191914569203,127.21418160106884,,178.57625123516195,,0,0.0,Green (Sustainable),Green (Sustainable),0.1285076284077693,Stable Labor Market
BWA,Botswana,2019,16.193904309718,3.0317733945467,2.77286442863321,7172.08956480028,83.0929813601175,394.478446617987,2.21967434011338,133.82732787805153,,184.4393585685722,,0,0.0,Green (Sustainable),Green (Sustainable),1.2854266054532997,Moderate LPI Risk (Vulnerable)
BWA,Botswana,2020,19.6161332466694,-8.72888243996397,1.8903591682421,6323.2974967659,77.6634178592071,308.230381544537,2.40747477920722,107.80636904717204,,186.9727197630727,,0,0.0,Green (Sustainable),,13.04608243996397,Moderate LPI Risk (Vulnerable)
BRA,Brazil,2010,61.3187804640802,7.52822581812151,5.03872690108075,11403.2840038694,22.7721781132208,81.8966425105897,27.1963204915995,68.49442470081152,4.0903710782367995,619.3194542589405,1.5298936378219399,1,61.3187804640802,Yellow (Vulnerable),Yellow (Vulnerable),-3.2110258181215103,Stable Labor Market
BRA,Brazil,2011,59.341658294152,3.97442307944702,6.6364496221309,13396.6263158041,23.9344051765103,87.1213007876383,29.1888284742948,70.69288811778618,0.8843871934011958,698.6172473314327,4.067144761616199,0,0.0,Yellow (Vulnerable),Yellow (Vulnerable),0.3427769205529798,Stable Labor Market
BRA,Brazil,2012,59.8494900102759,1.92117598509462,5.40349914036997,12521.7238454434,25.1142736103322,84.7137024600594,26.1005564726133,68.11197752637938,-7.688064028665906,655.4965166351375,6.938466966631382,0,0.0,Yellow (Vulnerable),Yellow (Vulnerable),2.3960240149053798,Moderate LPI Risk (Vulnerable)
BRA,Brazil,2013,57.2284093858434,3.0048226702888,6.20431066640101,12458.8903396625,25.7859573281452,74.1762629517995,26.9936898741495,64.29266597391425,-16.1903944240073,696.0581352240042,10.979215222970257,0,0.0,Yellow (Vulnerable),Yellow (Vulnerable),1.3123773297111998,Moderate LPI Risk (Vulnerable)
BRA,Brazil,2014,58.4572711007508,0.503955740273241,6.32904015516139,12274.9941630213,24.685405813292,65.2823505942913,30.6620941570789,64.30187968787735,-25.211931547728497,756.9062373528621,11.5770301568473,0,0.0,Yellow (Vulnerable),Yellow (Vulnerable),3.813244259726759,Moderate LPI Risk (Vulnerable)
BRA,Brazil,2015,67.5375540389418,-3.54576339347278,9.02990102416136,8936.1955889444,26.9536259372369,65.5993217832774,45.2436436822504,77.49301632727719,-19.070330084069994,1219.4802478490087,10.133501989229094,1,67.5375540389418,Yellow (Vulnerable),Yellow (Vulnerable),7.86296339347278,High LPI Risk (Structural Trap)
BRA,Brazil,2016,73.4188038098507,-3.2759169063211,8.73914352329393,8836.28546025694,24.5336820770756,67.1843870480633,36.9749150445425,75.09037345675674,-19.146449391182898,907.1308105296853,9.536640739055892,1,73.4188038098507,Yellow (Vulnerable),Red (Trap),7.5931169063211,High LPI Risk (Structural Trap)
BRA,Brazil,2017,83.6692026484793,1.32286905390815,3.44637335032669,10080.5078722821,24.3197343741684,68.8683600237237,35.9278832212044,78.90528550379103,-15.0406792996923,873.7565765658327,6.256027333416312,1,83.6692026484793,Red (Trap),Red (Trap),2.99433094609185,Moderate LPI Risk (Vulnerable)
BRA,Brazil,2018,86.6078841230118,1.78366676137003,3.66485028376729,9300.66072904004,28.876203376153,67.1805182543685,34.0540756189521,78.36965293335186,1.5963804471012963,983.3524133597541,7.49638918009922,1,86.6078841230118,Red (Trap),Red (Trap),2.5335332386299694,Moderate LPI Risk (Vulnerable)
BRA,Brazil,2019,92.5652532010336,1.22077782271943,3.73297621216894,9029.83304401079,28.8902578697354,62.7537910605853,27.387407355647,75.11807761283524,13.462931313345806,791.2292608881299,7.871270112251041,1,92.5652532010336,Red (Trap),Red (Trap),3.09642217728057,High LPI Risk (Structural Trap)
BRA,Brazil,2020,98.7098819481716,-3.27675879612903,3.21176803803376,7074.19407495707,32.3020785443492,64.736113418049,25.4865473180015,77.00482359526482,15.678132097058494,823.2684532903569,7.665442792270017,1,98.7098819481716,Red (Trap),Red (Trap),7.59395879612903,High LPI Risk (Structural Trap)
BRA,Brazil,2021,85.0115036759105,4.7626043797061,8.30165975585673,7972.53696080695,37.6563307592575,63.412804189153,27.0987532869218,72.2614550806267,3.1560605542722016,1020.4396169358436,,1,85.0115036759105,Red (Trap),Yellow (Vulnerable),-0.44540437970610025,Stable Labor Market
BRA,Brazil,2022,79.1023218876878,3.01669435408112,9.28010608956873,9281.33282136864,38.8160659764321,56.0499006823756,28.8867766931946,68.70058574917205,,1121.2710299695027,,1,79.1023218876878,Yellow (Vulnerable),Red (Trap),1.3005056459188795,Moderate LPI Risk (Vulnerable)
BRA,Brazil,2023,83.0317498511131,3.24165532813583,4.59356282283204,10377.5897719195,33.6662298301284,58.4505936079669,30.8390881008189,72.12220857989148,,1038.2358277537471,,1,83.0317498511131,Red (Trap),Red (Trap),1.07554467186417,Moderate LPI Risk (Vulnerable)
BRA,Brazil,2024,81.8554431216383,3.41931516597739,4.36746407652337,10310.5488778166,35.5845239385389,54.4594828398705,30.0945783330492,69.88960044533822,,1070.9012431126234,,1,81.8554431216383,Red (Trap),,0.8978848340226095,Stable Labor Market
KHM,Cambodia,2021,28.0325110467398,3.08984284148661,2.92073477592949,2167.40324198499,146.179846509715,101.094874959645,1.85235096780514,44.87328411053578,,270.7763801558774,,0,0.0,Green (Sustainable),Green (Sustainable),1.2273571585133896,Moderate LPI Risk (Vulnerable)
KHM,Cambodia,2022,27.4923946833641,5.12990110773977,5.34370264895437,2325.03050040841,145.873632761406,79.2095846353825,1.65950112664586,37.648937241841736,,242.07745791547765,,0,0.0,Green (Sustainable),Yellow (Vulnerable),-0.8127011077397706,Stable Labor Market
KHM,Cambodia,2023,50.3420177198925,5.00733043811898,2.12746796594194,2429.74853452838,134.206842395931,88.6848495924318,1.83761049328372,49.912245671812656,,246.61990185723724,,0,0.0,Yellow (Vulnerable),,-0.6901304381189801,Stable Labor Market
CMR,Cameroon,1995,106.280979179561,2.89400137739698,9.06969071921509,832.006674487689,36.682272663701,0.140340684731432,22.9619413277668,58.09519514884508,,842.2961926730463,,1,106.280979179561,Red (Trap),Red (Trap),1.4231986226030195,Moderate LPI Risk (Vulnerable)
CMR,Cameroon,1998,84.8102640173471,4.72553484802563,3.17075185386907,798.745621406677,42.2946538344074,0.0875748370276295,19.5057461933643,46.94872534603458,,824.9887830301528,,1,84.8102640173471,Red (Trap),Yellow (Vulnerable),-0.40833484802563014,Stable Labor Market
CMR,Cameroon,1999,79.4576584012943,4.51130422140731,1.87174500672008,796.262649784591,37.2383798464814,0.121890467996039,19.1593848707721,44.520624061004604,,713.4644514427405,,1,79.4576584012943,Yellow (Vulnerable),,-0.19410422140731054,Stable Labor Market
COL,Colombia,1998,5.40391549112143,0.569784088434517,18.6769799276672,2604.87166959518,35.9089230535138,26.1931093399845,16.703008292953,21.922750124789662,-47.13150403190997,599.7870395538522,25.523652758158935,0,0.0,Green (Sustainable),Green (Sustainable),3.747415911565483,Moderate LPI Risk (Vulnerable)
COL,Colombia,1999,19.0653508704071,-4.20401524244947,10.8736870857471,2241.22911801216,36.1492793141794,23.254215979647,19.0330759580264,27.704187130541474,-46.1797294352875,688.0319790146891,24.797092839695658,0,0.0,Green (Sustainable),Green (Sustainable),8.52121524244947,Moderate LPI Risk (Vulnerable)
COL,Colombia,2000,17.7090216802298,2.92486148176778,9.22534818585366,2555.00751039968,32.6670854693067,26.2338118802363,20.6243081036868,29.056718660798044,-51.28998165726381,673.7360355684515,22.368879196369555,0,0.0,Green (Sustainable),Yellow (Vulnerable),1.3923385182322199,Moderate LPI Risk (Vulnerable)
COL,Colombia,2003,52.5354195230314,3.91827190322513,7.1297886294186,2311.94218760291,36.51618351723,29.2577821652214,20.6126610900317,44.036157114686475,-19.9172504030797,752.6957151420637,7.580373376417367,0,0.0,Yellow (Vulnerable),Yellow (Vulnerable),0.3989280967748696,Stable Labor Market
COL,Colombia,2008,65.2450803056946,3.28344618616541,6.99688495554511,5541.83629665898,39.1676494164355,50.3202280282477,13.9028976618156,51.608830891919546,2.3849474834892987,544.5438214905744,3.777487523902235,1,65.2450803056946,Yellow (Vulnerable),Yellow (Vulnerable),1.0337538138345899,Moderate LPI Risk (Vulnerable)
COL,Colombia,2009,68.9990033374936,1.13964864548062,4.20251661216482,5250.97292433518,35.1561285074585,46.5504587873023,14.8551700457189,52.427257428165056,3.7713074543296017,522.2502671274418,3.6564419855214134,1,68.9990033374936,Yellow (Vulnerable),Yellow (Vulnerable),3.1775513545193794,High LPI Risk (Structural Trap)
COL,Colombia,2010,72.4526699261111,4.49465897070922,2.27200227892008,6398.2958447102,34.2646031687681,43.5747969210552,12.5746423933242,51.346929002314845,5.349757980468198,430.86513159642203,9.176161418923357,1,72.4526699261111,Yellow (Vulnerable),Yellow (Vulnerable),-0.17745897070922023,Stable Labor Market
COL,Colombia,2011,62.8601328222053,6.94789198173555,3.4150334477625,7400.9940695669,39.4704235545367,41.8781580866045,10.8800985527234,45.88379293254531,14.883963309174199,429.4420981910944,8.26413199699743,1,62.8601328222053,Yellow (Vulnerable),Yellow (Vulnerable),-2.6306919817355503,Stable Labor Market
COL,Colombia,2012,65.227695883164,3.91263576716115,3.16930188840055,8108.59838244229,38.835151018669,46.6834651521562,9.50067858155508,47.484286584382275,11.949108411187105,368.9602874945256,8.876801280596833,1,65.227695883164,Yellow (Vulnerable),Yellow (Vulnerable),0.4045642328388497,Stable Labor Market
COL,Colombia,2013,67.1029119456429,5.13399351995672,2.01699224310383,8279.10255642981,37.9866487978457,46.5811281281899,8.34163646781394,47.426636381217705,0.19575103004150662,316.8708149021503,9.11554036823451,1,67.1029119456429,Yellow (Vulnerable),Yellow (Vulnerable),-0.81679351995672,Stable Labor Market
COL,Colombia,2014,47.9761695130311,4.49903000110972,2.89883787761738,8187.20824890084,37.4874656411103,44.7252346920527,8.27732140858102,39.08215025828945,-18.7510783307358,310.2958019046077,10.122953857908328,0,0.0,Yellow (Vulnerable),Yellow (Vulnerable),-0.18183000110972003,Stable Labor Market
COL,Colombia,2015,53.2785874719769,2.95590137527523,4.9898311584953,6248.51490534512,38.3607641184453,40.7538549447161,8.8664173360481,40.420520475239215,-18.371982780232308,340.12254400383534,7.741702265516899,0,0.0,Yellow (Vulnerable),Yellow (Vulnerable),1.3612986247247698,Moderate LPI Risk (Vulnerable)
COL,Colombia,2016,66.9071609156014,2.08738250162794,7.51346024627675,5959.84250367574,36.202652984202,38.1960561052156,11.2733677662011,46.7585943340124,-5.796717665772604,408.12582120306683,10.057387293245757,1,66.9071609156014,Yellow (Vulnerable),Yellow (Vulnerable),2.22981749837206,Moderate LPI Risk (Vulnerable)
COL,Colombia,2017,66.7272478437669,1.35936086788746,4.31431325695011,6479.53231292429,35.2829149424588,37.3368574742294,11.1982643457501,46.2401845705425,-24.429359098247403,395.10740841426986,9.534910806561358,1,66.7272478437669,Yellow (Vulnerable),Yellow (Vulnerable),2.9578391321125395,Moderate LPI Risk (Vulnerable)
COL,Colombia,2018,71.6505702522092,2.56432428277704,3.24056932930569,6816.96818309544,36.5347527968973,35.892852571082,10.9583076363782,47.57903067109101,-8.775391350428293,400.3590605674295,8.722737952384872,1,71.6505702522092,Yellow (Vulnerable),Yellow (Vulnerable),1.7528757172229597,Moderate LPI Risk (Vulnerable)
COL,Colombia,2019,72.703878581374,3.18685539245533,3.52301932741447,6472.54544924705,37.558533980839,37.8585014687297,10.8755067448377,48.59024105988776,2.442718575691103,408.4680896348305,8.774897924065899,1,72.703878581374,Yellow (Vulnerable),Red (Trap),1.1303446075446697,Moderate LPI Risk (Vulnerable)
COL,Colombia,2020,91.1566069420143,-7.18591413760859,2.52663500084706,5339.68711357943,34.0555709680101,37.5317967090333,11.8624200356982,56.5505569063523,19.82533375737401,403.98148737806497,8.94574874956974,1,91.1566069420143,Red (Trap),Red (Trap),11.50311413760859,High LPI Risk (Structural Trap)
COL,Colombia,2021,80.4259616026375,10.8011981904878,3.49505757399448,6222.62164397614,40.0591463936128,33.6831115835101,13.0049373847561,51.74483847522246,8.9428354346405,520.9666905357126,,1,80.4259616026375,Red (Trap),Yellow (Vulnerable),-6.4839981904877995,Stable Labor Market
COL,Colombia,2022,70.2611600056829,7.32827729427979,10.1772313546166,6680.44506854481,48.2826551123359,30.7345061127261,15.4743411402801,48.523197246996425,,747.1422763667747,,1,70.2611600056829,Yellow (Vulnerable),Yellow (Vulnerable),-3.01107729427979,Stable Labor Market
COL,Colombia,2023,71.3312731846403,0.712380031974334,11.7359044948689,7000.83660501046,40.3881324933957,30.0973296079977,13.8203285618031,47.75788497423214,,558.1772610563645,,1,71.3312731846403,Yellow (Vulnerable),Yellow (Vulnerable),3.604819968025666,High LPI Risk (Structural Trap)
COL,Colombia,2024,71.483126167997,1.5983315366523,6.60908593728228,7919.20886825345,37.0254687077888,30.6784553696677,13.9043904167941,47.8600087196195,,514.8165722778884,,1,71.483126167997,Yellow (Vulnerable),,2.7188684633476994,Moderate LPI Risk (Vulnerable)
COD,"Congo, Dem. Rep.",1995,232.936231054902,0.699998829794396,541.908883239027,127.008078734668,52.2085314177979,1.19000845814214,0.990566037735849,116.30415692898305,,51.71599810253565,,1,232.936231054902,Red (Trap),Red (Trap),3.617201170205604,High LPI Risk (Structural Trap)
COD,"Congo, Dem. Rep.",1996,243.595506269697,-1.02317264199921,492.441850235414,127.416132828292,60.3162567434145,0.643530735335141,6.43166751657318,122.00703829215726,,387.93410921790706,,1,243.595506269697,Red (Trap),Red (Trap),5.34037264199921,High LPI Risk (Structural Trap)
COD,"Congo, Dem. Rep.",1997,152.187001902338,-5.61704659870092,198.516707416463,132.323520768553,33.750000421875,0.797471776124188,0.198196412644931,69.69091183466752,,6.689129010380533,,1,152.187001902338,Red (Trap),,9.93424659870092,High LPI Risk (Structural Trap)
COG,"Congo, Rep.",2009,60.2269417189103,11.6372888615758,4.41500374795223,2271.15219175966,135.552365681975,75.307949994398,3.52331267867249,50.81594503649592,,477.59336863135223,,1,60.2269417189103,Yellow (Vulnerable),Green (Sustainable),-7.320088861575801,Stable Labor Market
COG,"Congo, Rep.",2010,25.4826844740907,9.93126543095578,0.391525011227612,2946.55798067708,124.064754399607,159.026256062682,1.54806951839068,62.014948817574044,,192.06086459265762,,0,0.0,Green (Sustainable),,-5.61406543095578,Stable Labor Market
DOM,Dominican Republic,1996,20.9601830753133,5.96119319380874,5.39929385038922,2270.86558687203,72.6424908698332,8.08666192254897,3.78360140274303,13.690299574668442,,274.85023035384864,,0,0.0,Green (Sustainable),Green (Sustainable),-1.6439931938087406,Stable Labor Market
DOM,Dominican Republic,1997,17.5702324990029,8.89955230035797,8.29656754792046,2448.89393535363,74.2332371692166,9.1939618881939,3.04732343014805,12.31244175075937,,226.21268292149082,,0,0.0,Green (Sustainable),Green (Sustainable),-4.58235230035797,Stable Labor Market
DOM,Dominican Republic,1999,16.4168038368014,5.95651024999543,6.47054186846928,2620.8896817272,76.3027532814337,14.5845137487134,3.87740552843685,14.022904742637618,,295.856717408384,,0,0.0,Green (Sustainable),,-1.6393102499954306,Stable Labor Market
EGY,"Egypt, Arab Rep.",2007,85.7885338345865,7.08782742681038,9.3189690579923,1547.74170735909,65.077873254565,93.0930282972895,18.6561837177481,76.6870037343902,,1214.1047593974902,,1,85.7885338345865,Red (Trap),,-2.77062742681038,Stable Labor Market
SLV,El Salvador,1998,24.6529338880384,2.65227730016461,2.54705977554151,1859.73085887742,60.8722907509534,52.8025920214415,8.00857070834384,32.026302860624654,-10.717618650079597,487.500044657875,15.517528924998754,0,0.0,Green (Sustainable),Green (Sustainable),1.6649226998353899,Moderate LPI Risk (Vulnerable)
SLV,El Salvador,1999,28.1906634561591,2.16203373722973,0.514827130192979,1908.0804545224,60.9904896201298,51.9795280118973,8.99960020912138,33.75069069129646,-34.2562819281029,548.8900231397356,16.7287593284349,0,0.0,Green (Sustainable),Green (Sustainable),2.15516626277027,Moderate LPI Risk (Vulnerable)
SLV,El Salvador,2000,27.376408936306,1.12790697674419,2.27128756828723,1982.87093542615,68.7100889044911,41.9252017017664,7.10323170345433,29.07335184625918,-30.534814472776098,488.0636818535468,15.524263904931152,0,0.0,Green (Sustainable),Green (Sustainable),3.18929302325581,Moderate LPI Risk (Vulnerable)
SLV,El Salvador,2001,35.370552538118,0.879613659882722,3.7508205747202,2058.04459070452,65.8907385362251,32.2467572295322,7.46130746130746,29.511496199403325,-21.1300437651797,491.6310590713953,10.540210461540047,0,0.0,Green (Sustainable),Yellow (Vulnerable),3.437586340117278,Moderate LPI Risk (Vulnerable)
SLV,El Salvador,2002,62.446945384262,1.57291844759789,1.86552503610077,2115.41187355626,65.9190907767708,26.7194835477764,12.5352540460797,41.88110630551818,6.231133709204201,826.3125493734112,4.2736322363670425,1,62.446945384262,Yellow (Vulnerable),Yellow (Vulnerable),2.74428155240211,Moderate LPI Risk (Vulnerable)
SLV,El Salvador,2003,57.9112234090821,1.56539303147618,2.1203909173333,2207.83089518069,68.23698247861,23.0540371751175,11.241784849533,38.059978235357974,7.399001137553995,767.1054758058867,4.15453776445875,0,0.0,Yellow (Vulnerable),Yellow (Vulnerable),2.7518069685238196,Moderate LPI Risk (Vulnerable)
SLV,El Salvador,2004,56.5005963032977,0.889404485692197,4.45194392395045,2285.68907438892,69.7822641767691,21.1633093142946,14.4375375977542,39.01622922955418,8.0182238254515,1007.48406270852,4.04285141902819,0,0.0,Yellow (Vulnerable),Yellow (Vulnerable),3.4277955143078027,Moderate LPI Risk (Vulnerable)
SLV,El Salvador,2005,56.2158116750578,2.68083009363194,4.69094870903769,2447.39140845394,69.7158116750578,19.2459114429844,13.616743443723,37.774981976686064,7.7888740554914975,949.3023215501705,4.535276761974181,0,0.0,Yellow (Vulnerable),Yellow (Vulnerable),1.63636990636806,Moderate LPI Risk (Vulnerable)
SLV,El Salvador,2006,50.5122222715281,4.3369986028604,4.03712359429612,2665.61807194853,73.4555675070266,19.7007225925321,15.3484893807957,36.6903149732771,-7.634698296010598,1127.4319978419194,4.833469352455808,0,0.0,Yellow (Vulnerable),Yellow (Vulnerable),-0.01979860286040047,Stable Labor Market
SLV,El Salvador,2007,48.4823724778462,1.84760220587859,4.57808572377153,2830.65693770733,77.6210560347995,23.3440924611734,10.8271858442974,34.16432773906182,-9.011914140916204,840.4175991193964,4.731803598961075,0,0.0,Yellow (Vulnerable),Yellow (Vulnerable),2.46959779412141,Moderate LPI Risk (Vulnerable)
SLV,El Salvador,2008,48.4269376195663,2.15440298282768,6.70792293515939,2983.24829577976,80.6659739399085,24.7406295078484,9.75389682163723,33.984264236750235,-6.135633372132496,786.8075868267451,3.8432618783617802,0,0.0,Yellow (Vulnerable),Yellow (Vulnerable),2.16279701717232,Moderate LPI Risk (Vulnerable)
SLV,El Salvador,2009,58.1469205675387,-2.10876837627522,1.05595029731201,2910.18651752011,66.0711911744487,29.9918129933645,12.300524793831,41.00162656149495,3.2945807588306977,812.7103251992542,3.1646345645004152,0,0.0,Yellow (Vulnerable),Yellow (Vulnerable),6.42596837627522,Moderate LPI Risk (Vulnerable)
SLV,El Salvador,2010,57.4942866187624,2.15419536693635,1.17933576873673,3040.07300952878,73.5372876725398,25.0682655910882,11.6685346717996,38.76921394404325,-4.904990174974699,858.0723908771321,4.27812424943342,0,0.0,Yellow (Vulnerable),Yellow (Vulnerable),2.16300463306365,Moderate LPI Risk (Vulnerable)
SLV,El Salvador,2011,54.5625709916988,3.77358499834686,5.1289237668161,3330.60049486653,79.2766437025052,19.5851246125203,10.3574545072302,35.149912309536795,3.7246165738958013,821.1042306345951,4.634290765800124,0,0.0,Yellow (Vulnerable),Yellow (Vulnerable),0.5436150016531398,Stable Labor Market
SLV,El Salvador,2012,54.852339808708,2.88770010188691,1.72973481581383,3497.91256915509,77.6485716222883,23.4434116446168,10.1162588784866,36.21170815755775,3.573936524161006,785.5130520757766,4.7961073140567585,0,0.0,Yellow (Vulnerable),Yellow (Vulnerable),1.4294998981130895,Moderate LPI Risk (Vulnerable)
SLV,El Salvador,2013,62.3992767937371,2.18295232499635,0.757669184522973,3582.26694005169,80.4511944908271,19.4233749622711,10.5460469498312,38.223395247242074,10.333620608881603,848.4420742702639,4.811037213867876,1,62.3992767937371,Yellow (Vulnerable),Yellow (Vulnerable),2.1342476750036496,Moderate LPI Risk (Vulnerable)
SLV,El Salvador,2014,50.837954417803,1.7293998423459,1.14134467538233,3666.01248913873,78.1044257477935,17.7495800309366,11.5690518400673,33.675635734331365,-4.4105644092687015,903.5941504149101,1.7272138506877284,0,0.0,Yellow (Vulnerable),Yellow (Vulnerable),2.5878001576540997,Moderate LPI Risk (Vulnerable)
SLV,El Salvador,2015,51.278403284547,2.40000008852115,-0.731384487387957,3790.34089108162,76.5602707370519,17.8579847402794,10.5051993941242,33.13701397266015,-0.935878723919302,804.2809097608622,1.601800680381612,0,0.0,Yellow (Vulnerable),Yellow (Vulnerable),1.9171999114788498,Moderate LPI Risk (Vulnerable)
SLV,El Salvador,2016,52.0656561848555,2.53906241135864,0.60404908699661,3901.34014965811,72.8190933731491,19.5281899219681,10.467414753241,34.015761094518766,-1.8133831713623039,762.2276522917348,7.728290580510912,0,0.0,Yellow (Vulnerable),Yellow (Vulnerable),1.7781375886413597,Moderate LPI Risk (Vulnerable)
SLV,El Salvador,2017,55.2485188270717,2.24761908134138,1.0123540331558,4020.12671373919,74.3046511916519,20.7492439420718,10.8588684104636,35.95966279593956,-15.135760575316404,806.8644295755453,8.211128981372932,0,0.0,Yellow (Vulnerable),Yellow (Vulnerable),2.0695809186586196,Moderate LPI Risk (Vulnerable)
SLV,El Salvador,2018,52.2142820084663,2.4124442237792,1.09033000581892,4183.54620971358,75.6336168879956,21.387276085268,11.0423974839724,35.054412425774494,-14.254770580200102,835.176460827735,9.837367422825546,0,0.0,Yellow (Vulnerable),Yellow (Vulnerable),1.9047557762207998,Moderate LPI Risk (Vulnerable)
SLV,El Salvador,2019,53.8790393562178,2.43747159065784,0.0753241350024612,4320.11671534627,76.0420130991468,25.5968915246922,11.4369150131037,37.28306346160881,-20.157079742172797,869.6860412402602,17.800834947331513,0,0.0,Yellow (Vulnerable),Yellow (Vulnerable),1.8797284093421598,Moderate LPI Risk (Vulnerable)
SLV,El Salvador,2020,70.3842794023881,-7.893101359867,-0.371590212324095,3997.19279583709,66.4595069497083,16.6773333744401,12.0882819637448,41.52265679397234,-31.8058940308959,803.381259179531,18.695457730118736,1,70.3842794023881,Yellow (Vulnerable),Yellow (Vulnerable),12.210301359867,High LPI Risk (Structural Trap)
SLV,El Salvador,2021,66.4690525886664,11.9047617015957,3.46692585313082,4642.60743101342,81.8450759800765,16.8422672427423,11.074827718446,39.49114481355582,-39.3356761597896,906.4201160824701,,1,66.4690525886664,Yellow (Vulnerable),Yellow (Vulnerable),-7.5875617015957,Stable Labor Market
SLV,El Salvador,2022,74.0361190983906,2.95461516549889,7.19861615609867,5074.60210221806,88.7011093776867,12.7185831218883,11.182101706662,41.453979163138726,,991.8648265550432,,1,74.0361190983906,Yellow (Vulnerable),Red (Trap),1.3625848345011096,Moderate LPI Risk (Vulnerable)
SLV,El Salvador,2023,102.190173433284,3.5391566928735,4.04554694222477,5365.44491399171,81.7147723425988,13.4686533899243,14.1166834814777,54.84628184335155,,1153.5415769214753,,1,102.190173433284,Red (Trap),Red (Trap),0.7780433071264996,Stable Labor Market
SLV,El Salvador,2024,105.804728748456,2.60202016121069,0.853782292567288,5579.65969165029,84.6596461582312,14.8416167448619,14.3228100219649,56.75589696988423,,1212.564028451116,,1,105.804728748456,Red (Trap),,1.7151798387893096,Moderate LPI Risk (Vulnerable)
SWZ,Eswatini,2014,14.3086225605816,2.05738179246586,5.68134885776447,3771.07228381938,91.6200186943398,128.556890882167,2.17778786482107,48.38375770463655,-7.577719078045401,199.5289648872128,4.998157585298451,0,0.0,Green (Sustainable),Green (Sustainable),2.2598182075341398,Moderate LPI Risk (Vulnerable)
SWZ,Eswatini,2015,16.3848798476003,1.70425806017289,4.95124493704919,3419.82276559528,88.2620944023684,121.790559365023,2.4660768698423,47.22354399615212,-10.729936436052402,217.66110948951828,5.34118039987153,0,0.0,Green (Sustainable),Green (Sustainable),2.6129419398271096,Moderate LPI Risk (Vulnerable)
SWZ,Eswatini,2016,20.5460181439876,2.94916821059911,7.8472745908568,3238.17611961364,89.3584874439935,73.7250298002544,3.47384327765596,34.34255622692716,-9.255952277417503,310.4173809088213,,0,0.0,Green (Sustainable),Green (Sustainable),1.3680317894008898,Moderate LPI Risk (Vulnerable)
SWZ,Eswatini,2017,21.886341638627,3.52095345987983,6.22137528933118,3853.09956569679,86.8801420302976,64.5030198414946,4.10680145326784,32.28690547424458,,356.7994935501426,,0,0.0,Green (Sustainable),Green (Sustainable),0.7962465401201695,Stable Labor Market
SWZ,Eswatini,2018,27.1148162836527,0.0653956557843571,4.81506167461513,3972.65450620357,85.4927768173538,57.4980575768101,5.23130073842549,32.83486293230565,,447.23842649466854,,0,0.0,Green (Sustainable),Green (Sustainable),4.251804344215643,Moderate LPI Risk (Vulnerable)
SWZ,Eswatini,2019,29.8019704214051,6.43186888691574,2.59801620311077,3913.14577547336,86.6407948477595,52.7945958266165,4.58797199191269,31.927399345977427,,397.5055401185739,,0,0.0,Green (Sustainable),,-2.11466888691574,Stable Labor Market
ETH,Ethiopia,2013,10.733283781495,10.5822700502552,7.46402192944517,484.039833104062,41.4717870807625,18.7797111236407,2.82906963669386,12.427669187664641,-18.272397950654998,117.3265736096179,8.030311271605628,0,0.0,Green (Sustainable),Green (Sustainable),-6.265070050255201,Stable Labor Market
ETH,Ethiopia,2014,26.9372797319632,10.2574929627477,6.89001951597192,549.986577082588,40.7410841498626,20.8027686780386,3.01072675682394,19.728599905203986,-3.1578340846941977,122.66027215200705,2.1561589446345817,0,0.0,Green (Sustainable),Green (Sustainable),-5.9402929627477,Stable Labor Market
ETH,Ethiopia,2015,27.9431250361336,10.3924630141307,9.56889955968623,597.912113218663,39.6561241449515,18.7600809382176,3.68542422211864,20.01912034437364,-4.590099551936099,146.1496404791481,1.8394494065994924,0,0.0,Green (Sustainable),Green (Sustainable),-6.0752630141307,Stable Labor Market
ETH,Ethiopia,2016,29.00568173215,9.43348265981905,6.62813337230924,641.651523286233,34.8990210816111,12.9545665150701,4.12609737887291,18.766431004108355,-2.443162835361502,143.99675941006598,,0,0.0,Green (Sustainable),Green (Sustainable),-5.116282659819051,Stable Labor Market
ETH,Ethiopia,2017,30.0951138166574,9.56418965754014,10.6871150284238,696.348429076216,31.1036494929016,11.6373756662727,4.59660538965788,19.245091344174156,,142.97120289710105,,0,0.0,Green (Sustainable),Green (Sustainable),-5.246989657540141,Stable Labor Market
ETH,Ethiopia,2018,32.5332245880697,6.81614778557282,13.8330356586661,739.702022272086,31.1993689777881,13.3616849918449,4.96155789182805,21.13676076832652,,154.79747537179978,,0,0.0,Green (Sustainable),Green (Sustainable),-2.4989477855728204,Stable Labor Market
ETH,Ethiopia,2019,31.4488445675115,8.36408573314054,15.8096321719344,793.473247210264,28.8152939288346,9.85176687079037,5.16530662395839,19.785287716335556,,148.83982860191733,,0,0.0,Green (Sustainable),,-4.04688573314054,Stable Labor Market
TEC,Europe & Central Asia (IDA & IBRD countries),2008,18.0473795369763,4.4861316152351,10.4441283764885,8951.25356376805,64.8891175708098,56.776207041294,1.96247126010532,27.063637950441773,-2.019944131294899,127.34302832630938,1.6601913229223053,0,0.0,Green (Sustainable),Green (Sustainable),-0.16893161523509992,Stable Labor Market
TEC,Europe & Central Asia (IDA & IBRD countries),2009,22.4352244065171,-4.7008547742517,3.46672373207793,7074.02354262313,58.2829722686652,58.2647443809167,2.25360826293338,29.231120520088197,3.0868188218529014,131.34698789298093,1.6776436651242195,0,0.0,Green (Sustainable),Green (Sustainable),9.018054774251699,Moderate LPI Risk (Vulnerable)
TEC,Europe & Central Asia (IDA & IBRD countries),2010,21.0086121964558,4.68965724549606,6.14255360247248,8280.72343768265,60.5609124185625,59.5565874639838,2.6850224607266,29.444047123221207,3.015280041554302,162.6074100859368,1.1386035698417967,0,0.0,Green (Sustainable),Green (Sustainable),-0.37245724549606063,Stable Labor Market
TEC,Europe & Central Asia (IDA & IBRD countries),2011,20.0673236682712,5.86393596651764,7.66862955607738,10028.6545563598,63.473995022608,54.5537946672879,3.25234336434236,27.88931798227522,-0.1875651403399985,206.43922652007913,1.3915212880164594,0,0.0,Green (Sustainable),Green (Sustainable),-1.5467359665176401,Stable Labor Market
TEC,Europe & Central Asia (IDA & IBRD countries),2012,19.3484055846642,3.45489344885198,3.373498083874,10418.3484935481,63.2106908816742,55.4053470528336,3.61644242323083,27.935929055561203,-2.4625809840892003,228.5978241062168,1.8536084613527988,0,0.0,Green (Sustainable),Green (Sustainable),0.8623065511480199,Stable Labor Market
TEC,Europe & Central Asia (IDA & IBRD countries),2013,17.9933321549015,3.35044910694158,3.38485646137124,10965.2487116486,61.9394350892009,49.3979900956017,3.23102863705969,25.226637243007037,-4.6052181910275,200.12808853650793,2.138116159876375,0,0.0,Green (Sustainable),Green (Sustainable),0.9667508930584199,Stable Labor Market
TEC,Europe & Central Asia (IDA & IBRD countries),2014,20.2548888086112,2.2711234014202,2.53187831406913,10307.2242685414,62.9537976964698,43.8657312255295,3.11598379564113,24.272616872196842,-3.131742261797701,196.16301349626977,1.2500080516085061,0,0.0,Green (Sustainable),Green (Sustainable),2.0460765985797997,Moderate LPI Risk (Vulnerable)
TEC,Europe & Central Asia (IDA & IBRD countries),2015,21.8109865687534,1.42626319605841,3.86763469978395,8009.61874995558,62.6394987137467,44.1348884040568,4.48033492896961,25.911212315284978,-1.2556898804390997,280.64593402034626,0.9799866122906444,0,0.0,Green (Sustainable),Green (Sustainable),2.8909368039415897,Moderate LPI Risk (Vulnerable)
TEC,Europe & Central Asia (IDA & IBRD countries),2016,22.598550345929,1.86129267860605,1.19887282892596,7659.54924391363,61.9722403200107,43.4553847189385,4.5679144663342,25.966254202078247,-1.8621291141868,283.08389306891644,3.4068551448142568,0,0.0,Green (Sustainable),Green (Sustainable),2.4559073213939495,Moderate LPI Risk (Vulnerable)
TEC,Europe & Central Asia (IDA & IBRD countries),2017,23.3866310704089,4.37116063202008,3.13106248590115,8575.46129195764,64.6955315296843,47.0555047495712,4.39829922473442,27.399444512064424,-7.453901883255199,284.5503061707917,3.4657987714915985,0,0.0,Green (Sustainable),Green (Sustainable),-0.05396063202008072,Stable Labor Market
TEC,Europe & Central Asia (IDA & IBRD countries),2018,23.0666764491925,3.80424428454795,2.611223782638,8911.87742979014,69.1948006888718,50.8798845356879,4.2774802399443,28.391707369290078,-5.5486732385796,295.9793926535333,3.209776182514851,0,0.0,Green (Sustainable),Green (Sustainable),0.5129557154520499,Stable Labor Market
TEC,Europe & Central Asia (IDA & IBRD countries),2019,24.4606794601158,2.81601440145778,2.67599202639893,9058.74177112172,67.5632521563496,57.6735935001304,4.06262706567819,30.987180717815292,-0.6302613810522004,274.4842968556262,3.0051319358731945,0,0.0,Green (Sustainable),Green (Sustainable),1.5011855985422198,Moderate LPI Risk (Vulnerable)
TEC,Europe & Central Asia (IDA & IBRD countries),2020,30.8405329536641,-1.45793346533829,2.73249209419427,8478.35038656806,63.0176651320328,60.4341988198515,4.55192536487603,34.765405005791436,6.9288169624338,286.85170834976384,,0,0.0,Green (Sustainable),Green (Sustainable),5.77513346533829,Moderate LPI Risk (Vulnerable)
TEC,Europe & Central Asia (IDA & IBRD countries),2021,28.6153496877721,7.5909039335849,5.10641129002841,10014.5108823837,70.0990438608021,63.202137123515,4.71236098327897,34.94079144667121,,330.331999254805,,0,0.0,Green (Sustainable),Green (Sustainable),-3.2737039335849003,Stable Labor Market
TEC,Europe & Central Asia (IDA & IBRD countries),2022,25.090940841168,1.95197902081506,13.8522590144267,11421.1364427001,72.7487936847561,63.8794699537602,3.84002783469285,33.51076097020594,,279.35739268979086,,0,0.0,Green (Sustainable),Green (Sustainable),2.3652209791849397,Moderate LPI Risk (Vulnerable)
TEC,Europe & Central Asia (IDA & IBRD countries),2023,23.9117159912303,3.82595823256764,9.36187249769016,12129.8641155432,65.508808407144,30.5189130428715,4.8653260527697,22.879953594911232,,318.7217122291765,,0,0.0,Green (Sustainable),,0.4912417674323599,Stable Labor Market
ECA,Europe & Central Asia (excluding high income),2008,34.5050838282794,3.09419077627328,11.4275575758332,6191.07369718277,69.5600290679185,27.2446045066181,1.41006225992487,24.000506348375005,0.13051948036730465,98.08397178794881,3.5655448197550252,0,0.0,Green (Sustainable),Yellow (Vulnerable),1.2230092237267196,Moderate LPI Risk (Vulnerable)
ECA,Europe & Central Asia (excluding high income),2009,42.0061709454569,-3.49665461735418,3.43674527945797,5125.12331489484,61.9417335561053,27.5288723985599,2.16148831401988,27.299551674643368,9.1384264300112,133.88633323165467,4.694163255097185,0,0.0,Yellow (Vulnerable),Green (Sustainable),7.813854617354179,Moderate LPI Risk (Vulnerable)
ECA,Europe & Central Asia (excluding high income),2010,35.574913088687,7.12596948217272,6.77774669133379,6019.29491137959,61.7211555939382,27.9408435212556,2.48038510831171,25.15912565741552,6.404894136695997,153.0922352029943,2.49578941888295,0,0.0,Green (Sustainable),Green (Sustainable),-2.8087694821727203,Stable Labor Market
ECA,Europe & Central Asia (excluding high income),2011,34.3745643479121,8.32799694953145,7.8583333333334,6785.87680428259,68.7186207554277,28.011636324906,2.97158312012748,25.050928045832496,2.8397942590572,204.20309347527083,1.915132291001993,0,0.0,Green (Sustainable),Green (Sustainable),-4.01079694953145,Stable Labor Market
ECA,Europe & Central Asia (excluding high income),2012,32.8677445154457,4.06057081666242,3.31605566687647,7093.45607745799,68.1033556892089,29.3220994068556,3.45432033499812,24.990914189581733,0.6191054815747989,235.2508064388442,1.564072097807417,0,0.0,Green (Sustainable),Green (Sustainable),0.25662918333758,Stable Labor Market
ECA,Europe & Central Asia (excluding high income),2013,29.170018951991,6.51713885377283,4.59787897363136,7667.03397664675,64.5071648623161,29.5484083941946,3.04249040244444,23.35222565429168,-3.839331310595302,196.26242998249796,1.4707309905586348,0,0.0,Green (Sustainable),Green (Sustainable),-2.1999388537728306,Stable Labor Market
ECA,Europe & Central Asia (excluding high income),2014,31.5347700888549,3.18257259715762,3.06881210379543,7290.90050313923,64.6129020900958,27.6037084268687,3.02389717962873,23.61899989010376,-0.6486777777055011,195.38277239786797,0.5841945706604403,0,0.0,Green (Sustainable),Green (Sustainable),1.1346274028423795,Moderate LPI Risk (Vulnerable)
ECA,Europe & Central Asia (excluding high income),2015,32.2486390338709,3.41612672689462,4.02768573742726,6291.45594655745,62.0454498655402,25.8187408388888,4.32592739920769,24.207372681936363,0.5884076379531997,268.40411156950745,0.6756651588838185,0,0.0,Green (Sustainable),Green (Sustainable),0.9010732731053799,Stable Labor Market
ECA,Europe & Central Asia (excluding high income),2016,33.0093502625863,2.78383354652402,2.13492713939121,5986.89723080084,61.7177030579138,25.7191647998001,4.99065298511453,24.834838774818063,-0.3266132489188962,308.01163900038966,3.8374231093816586,0,0.0,Green (Sustainable),Green (Sustainable),1.5333664534759799,Moderate LPI Risk (Vulnerable)
ECA,Europe & Central Asia (excluding high income),2017,32.1834478665604,6.0030089975849,4.60357355778862,6138.12063922999,66.5635351436658,25.7084943705013,4.7365156013343,24.430205303683582,-8.815760581606298,315.2792226879371,4.344319580141667,0,0.0,Green (Sustainable),Green (Sustainable),-1.6858089975849007,Stable Labor Market
ECA,Europe & Central Asia (excluding high income),2018,31.6602313959177,3.7617712262191,2.56572880132719,5996.28775888893,72.4218659007976,25.0420196335797,4.76119501477996,23.94280800302219,-7.6900844527588,344.81462688794034,4.142834344500022,0,0.0,Green (Sustainable),Green (Sustainable),0.5554287737808998,Stable Labor Market
ECA,Europe & Central Asia (excluding high income),2019,33.3359635115052,2.5819078238094,2.64328192719554,6069.27407282315,71.3133005347066,27.289152775476,4.66280679848169,25.277939478947168,-0.051385431706201246,332.5201425553979,4.14663861774222,0,0.0,Green (Sustainable),Yellow (Vulnerable),1.7352921761905997,Moderate LPI Risk (Vulnerable)
ECA,Europe & Central Asia (excluding high income),2020,40.9992084481667,0.276088024593619,2.74615078213777,5776.19343817718,65.5537271131782,26.8106971051683,4.8673635202828,28.363445327912256,9.354388199659798,319.07381996925704,,0,0.0,Yellow (Vulnerable),Green (Sustainable),4.0411119754063805,Moderate LPI Risk (Vulnerable)
ECA,Europe & Central Asia (excluding high income),2021,39.3503158486765,9.28042104515383,6.91756771076075,6673.97429035651,73.3220603613705,28.6961247319306,4.77840242233227,28.40121827619307,,350.36231084116577,,0,0.0,Green (Sustainable),Green (Sustainable),-4.96322104515383,Stable Labor Market
ECA,Europe & Central Asia (excluding high income),2022,33.3873489432114,3.07901753477167,13.8875841659221,7266.022431542,82.3219771480926,29.8794084124678,3.81845918241729,26.020292840641638,,314.3431095558805,,0,0.0,Green (Sustainable),Green (Sustainable),1.2381824652283298,Moderate LPI Risk (Vulnerable)
ECA,Europe & Central Asia (excluding high income),2023,31.6448202485069,5.03672042034297,9.07365149809048,8617.0484098633,72.445378547536,30.5189130428715,5.05317503816007,26.120474019139657,,366.07917850646595,,0,0.0,Green (Sustainable),,-0.7195204203429704,Stable Labor Market
GEO,Georgia,1995,61.051634865257,2.59657506969336,162.717152150377,578.336923460866,67.8286788091539,16.0043811163773,5.12416239653134,39.390340405922174,4.145161477630303,347.56516536026857,7.536260560326675,1,61.051634865257,Yellow (Vulnerable),Yellow (Vulnerable),1.7206249303066397,Moderate LPI Risk (Vulnerable)
GEO,Georgia,1996,46.4029985782603,11.2025463861501,39.3574999987146,689.034634153312,45.6965490500194,14.0579161108046,12.1724429416737,32.56597329193811,-14.374604752309295,556.2386359427546,7.029482087630083,0,0.0,Yellow (Vulnerable),Yellow (Vulnerable),-6.8853463861501005,Stable Labor Market
GEO,Georgia,1997,45.902215196821,10.5208042446244,7.08761762948726,807.032285752352,57.7530659289995,13.7613318669671,12.7835361273847,31.410706506521564,-12.617418765880302,738.2884047705954,5.728631068146988,0,0.0,Yellow (Vulnerable),Yellow (Vulnerable),-6.203604244624401,Stable Labor Market
GEO,Georgia,1998,56.9064733876267,3.10150969616576,3.56680781278783,851.515542450841,53.5666693215985,8.06251059518537,18.1060070671378,37.31213887914242,0.8741089884657995,969.878493299896,2.1498286013281422,0,0.0,Yellow (Vulnerable),Yellow (Vulnerable),1.2156903038342395,Moderate LPI Risk (Vulnerable)
GEO,Georgia,1999,60.7776033305696,2.86729567454968,19.1926758218895,673.537782887275,57.1518743274472,7.7990653232684,18.5983244195752,39.714490110292395,5.328300755462294,1062.9290999286543,5.848387369361987,1,60.7776033305696,Yellow (Vulnerable),Yellow (Vulnerable),1.4499043254503197,Moderate LPI Risk (Vulnerable)
GEO,Georgia,2000,58.5196339627013,1.84038117927339,4.06396201382596,749.908534993961,62.6613956413099,6.35250050930344,19.3548387096774,38.23678361498358,13.012225128147797,1212.8012059608354,9.06749316122507,0,0.0,Yellow (Vulnerable),Yellow (Vulnerable),2.47681882072661,Moderate LPI Risk (Vulnerable)
GEO,Georgia,2001,56.0323643991609,4.80729867243699,4.64604442058634,801.98383707929,63.3299250824094,8.4809034650954,10.8835142204943,32.52268162551659,19.116757180325997,689.2521402172414,11.667652723312997,0,0.0,Yellow (Vulnerable),Yellow (Vulnerable),-0.49009867243699023,Stable Labor Market
GEO,Georgia,2002,55.4493025751073,5.47402488700408,5.58783730000794,853.526171868939,71.6291255364807,9.93776020641878,13.1055861779394,34.205854951149725,26.220069038978405,938.7416775687876,12.857291124804117,0,0.0,Yellow (Vulnerable),Yellow (Vulnerable),-1.1568248870040803,Stable Labor Market
GEO,Georgia,2003,45.5074088345535,11.0570310020104,0.837734531536568,1010.03151630868,77.6333765369391,9.13130483136035,13.3054327226785,29.866387603663902,22.4173211616915,1032.9456685466107,10.607588909602022,0,0.0,Yellow (Vulnerable),Green (Sustainable),-6.7398310020103995,Stable Labor Market
GEO,Georgia,2004,36.9156072188349,5.79268292682926,5.65632636191132,1305.04748557208,79.0407459055607,16.6914033517703,6.35345558381297,24.545232450368545,17.711544560689,502.18186842242676,6.889918088550716,0,0.0,Green (Sustainable),Green (Sustainable),-1.47548292682926,Stable Labor Market
GEO,Georgia,2005,29.2292335361289,9.59113832853026,8.24709043114158,1642.78359414797,84.5295975354749,22.1981120283383,4.4323885444346,22.061597412166915,5.7559781062184,374.6680197819062,4.785765315478949,0,0.0,Green (Sustainable),Green (Sustainable),-5.27393832853026,Stable Labor Market
GEO,Georgia,2006,23.090087672862,9.42148081189909,9.16096508394497,1996.02013272284,89.125374368197,36.171554551052,2.81536263551559,23.03267125265066,-7.766689820744098,250.9202488725607,5.320857594659226,0,0.0,Green (Sustainable),Green (Sustainable),-5.104280811899089,Stable Labor Market
GEO,Georgia,2007,19.2040626581459,12.5755698246405,9.24489745592404,2635.36650276116,88.3934140686603,45.5701152104546,2.01065191362867,23.94436688355156,-12.2167689821087,177.72838714932323,5.172443990569169,0,0.0,Green (Sustainable),Green (Sustainable),-8.2583698246405,Stable Labor Market
GEO,Georgia,2008,23.4732554299105,2.42161440960641,9.99948761552747,3324.7537205015,86.2982243681487,19.1692633814818,2.13153710089514,17.364054890399437,-4.223974349008202,183.947866982082,3.161290639213285,0,0.0,Green (Sustainable),Green (Sustainable),1.8955855903935896,Moderate LPI Risk (Vulnerable)
GEO,Georgia,2009,30.8567774936061,-3.65075229596822,1.7275146113791,2822.68939668797,78.1930390303569,24.3326757255881,3.35493709492947,22.461193585871683,2.7519633558851986,262.33272720821225,1.6573517608673545,0,0.0,Green (Sustainable),Green (Sustainable),7.967952295968219,Moderate LPI Risk (Vulnerable)
GEO,Georgia,2010,31.4208316402546,6.24640865303363,7.11017897486099,3281.72930937343,81.6733870603639,25.7530625924978,3.64584279460117,23.53626478999127,2.4730658361500026,297.7683297247001,1.5661541504191634,0,0.0,Green (Sustainable),Green (Sustainable),-1.9292086530336299,Stable Labor Market
GEO,Georgia,2011,27.6972297789187,7.9343365253078,8.5429333333333,4119.66818307193,85.4659350932986,23.9209081079851,4.3484279825263,21.948173780279745,-2.6949270838264,371.6424637124762,3.387427341103281,0,0.0,Green (Sustainable),Green (Sustainable),-3.6171365253078003,Stable Labor Market
GEO,Georgia,2012,28.1048141377209,6.57883101954195,-0.943658853270964,4530.69533409431,89.7348800946338,21.2543266682517,3.45432033499812,20.32557814528908,-7.895533205106503,309.97302106951156,4.932030809847752,0,0.0,Green (Sustainable),Green (Sustainable),-2.2616310195419507,Stable Labor Market
GEO,Georgia,2013,28.9477658041046,5.13288531209382,-0.512058410947092,4712.00229382665,93.8139137895532,20.7431663977263,3.04249040244444,20.25781304629679,-10.531073142083102,285.4279323204657,4.830094872771828,0,0.0,Green (Sustainable),Green (Sustainable),-0.8156853120938203,Stable Labor Market
GEO,Georgia,2014,30.3921568627451,4.09049059581743,3.06881210379543,4830.33486170249,94.9506979383393,19.1398638204665,2.93181056361634,20.399523832586553,-8.4491590540425,278.3774592383674,3.702845775664434,0,0.0,Green (Sustainable),Green (Sustainable),0.22670940418256968,Stable Labor Market
GEO,Georgia,2015,36.0003473428274,3.35102350265353,4.00357820695097,4086.6223465965,97.0163115086257,17.5531670934591,3.36853830603573,22.479890719740407,-2.2235253596012967,326.80316162710074,3.2243804157930867,0,0.0,Green (Sustainable),Green (Sustainable),0.9661764973464697,Stable Labor Market
GEO,Georgia,2016,39.4788389461877,3.45021517996871,2.13492713939121,4143.40125686315,94.9262528383443,17.4113069755129,3.79861694811645,24.045667121048716,-5.244846851986303,360.5884728529219,11.42090124697246,0,0.0,Green (Sustainable),Green (Sustainable),0.8669848200312895,Stable Labor Market
GEO,Georgia,2017,38.8413159167876,5.15990261658827,6.03531725272117,4418.75206546679,102.584277697146,18.9884320493199,4.01252757244608,24.57760919338237,-26.351999875857395,411.6222427592638,11.515949524149141,0,0.0,Green (Sustainable),Green (Sustainable),-0.8427026165882703,Stable Labor Market
GEO,Georgia,2018,38.2238727024287,6.062036412677,2.6152447139767,4804.0546040444,109.847740556266,19.2231430432921,4.34980258782527,24.485408579841835,-16.503253310350402,477.8159861384047,10.789615403994597,0,0.0,Green (Sustainable),Yellow (Vulnerable),-1.7448364126770004,Stable Labor Market
GEO,Georgia,2019,44.723685798174,5.38071926589951,4.85289821696723,4741.2832715876,117.810080239714,18.6986424965008,4.52643902730032,27.149808858269672,1.7542924410508007,533.2601450064237,9.665909851462418,0,0.0,Yellow (Vulnerable),Yellow (Vulnerable),-1.0635192658995107,Stable Labor Market
GEO,Georgia,2020,65.193315792645,-6.2904717853839,5.2024648897534,4300.85701291207,92.8910841752194,19.4850146886447,6.05538928066587,36.67980625943903,21.786934430174796,562.4916753840546,10.506103365849343,1,65.193315792645,Yellow (Vulnerable),Yellow (Vulnerable),10.6076717853839,High LPI Risk (Structural Trap)
GEO,Georgia,2021,54.7271260127791,10.6442336580969,9.56691433824769,5083.60695484577,101.60090754891,19.4197877982404,5.18531948509415,32.03379099487363,14.627805851662501,526.8331656166124,,0,0.0,Yellow (Vulnerable),Yellow (Vulnerable),-6.3270336580969,Stable Labor Market
GEO,Georgia,2022,42.9693933571232,10.9585321385624,11.8981654203198,6729.84659930283,114.695437688718,20.9538653079122,3.8975768505699,27.0292657563093,,447.03428280152974,,0,0.0,Yellow (Vulnerable),Yellow (Vulnerable),-6.641332138562401,Stable Labor Market
GEO,Georgia,2023,43.4063813624702,7.83220126555726,2.48776056578715,8283.66960652261,107.151179161579,20.7362593587805,5.24102402355044,27.630536754951713,,561.5819041375928,,0,0.0,Yellow (Vulnerable),Yellow (Vulnerable),-3.5150012655572604,Stable Labor Market
GEO,Georgia,2024,40.0993201611166,9.67979387500691,1.10971758022096,9241.49122313713,103.456471449056,17.6735486994519,5.50860370907199,25.43248413315938,,569.9007023517703,,0,0.0,Yellow (Vulnerable),,-5.36259387500691,Stable Labor Market
GTM,Guatemala,1995,11.404999017517,4.94854750210382,8.41141312270566,1421.06177809796,44.6894303422515,23.484321903162,11.1562183276143,19.551731716141724,0.12483117317989922,498.56504183486874,0.9644801386354225,0,0.0,Green (Sustainable),Green (Sustainable),-0.6313475021038206,Stable Labor Market
GTM,Guatemala,1996,11.2418328744629,2.95777988740716,11.0569165321987,1481.05986750672,40.392952957301,27.7623291597187,11.4780910246152,21.15710559631831,-2.2283557179787987,463.6339907969006,2.489330040232057,0,0.0,Green (Sustainable),Green (Sustainable),1.3594201125928396,Moderate LPI Risk (Vulnerable)
GTM,Guatemala,1997,11.3452176738095,4.36408994678341,9.23290294884935,1638.46281851789,41.5519511569592,33.3879691566865,7.52123052899982,20.395763901556958,-5.638605338765899,312.5218035812309,3.8951099317942854,0,0.0,Green (Sustainable),Green (Sustainable),-0.046889946783410075,Stable Labor Market
GTM,Guatemala,1998,11.2801678443371,4.99352780305848,6.61346070518058,1741.20114182856,44.4237399632554,37.8441821328039,10.6083483921544,23.65928796079873,-8.9888554735913,471.26251041268563,3.7088363775677404,0,0.0,Green (Sustainable),Green (Sustainable),-0.6763278030584807,Stable Labor Market
GTM,Guatemala,1999,13.4701885924417,3.8470621889051,5.21361058601122,1603.64776144934,46.3605068544295,32.3164573124226,10.7990968549585,22.851799256892775,-5.2222887267363,500.65160376595156,3.0154065859537997,0,0.0,Green (Sustainable),Green (Sustainable),0.4701378110948995,Stable Labor Market
GTM,Guatemala,2000,16.9838230125754,3.6088687174876,5.97757734737136,1648.96578971559,49.1455879049537,45.7362027446568,10.7542567499801,28.553383474433446,-4.054617953581502,528.5242704585886,2.02511545979028,0,0.0,Green (Sustainable),Green (Sustainable),0.7083312825123995,Stable Labor Market
GTM,Guatemala,2001,20.2690233179284,2.33257486608854,7.28587366610138,1537.68663578252,70.6690331769476,53.6818814026692,11.6053891725106,33.0105361338879,-1.8754340747682008,820.14163246354,1.3433683475227665,0,0.0,Green (Sustainable),Green (Sustainable),1.9846251339114596,Moderate LPI Risk (Vulnerable)
GTM,Guatemala,2002,18.692477319178,3.83928708556792,8.13263054281054,1669.33517469705,67.1048115244645,52.4245593320644,10.5789407880731,31.348781473952968,-2.909642819060899,709.8978277121153,1.4510055925940535,0,0.0,Green (Sustainable),Green (Sustainable),0.4779129144320797,Stable Labor Market
GTM,Guatemala,2003,21.0384409661569,2.56037766801896,5.60347675434469,1722.54701910774,67.0023391862425,56.7120212913201,10.1750916713338,33.309915911176034,-1.196331995299598,681.7549434138183,0.4903483159657947,0,0.0,Green (Sustainable),Green (Sustainable),1.7568223319810397,Moderate LPI Risk (Vulnerable)
GTM,Guatemala,2004,22.1444573926966,3.13791683609193,7.57862247309729,1840.91184884,70.2148723581872,43.5153916736391,10.8901870227751,30.08411746137019,0.1574598610446003,764.6530917609402,0.7590276160868221,0,0.0,Green (Sustainable),Green (Sustainable),1.1792831639080696,Moderate LPI Risk (Vulnerable)
GTM,Guatemala,2005,21.6021201382389,3.27602692588886,9.1086498571922,2046.46611650758,67.1036996082037,39.7311111576204,11.5837976724024,29.160142984338997,1.2187121009439004,777.3156793310998,1.0883852513794707,0,0.0,Green (Sustainable),Green (Sustainable),1.0411730741111396,Moderate LPI Risk (Vulnerable)
GTM,Guatemala,2006,22.2347729614565,5.35139778711536,6.56085282795384,2225.1234753878,67.9119237396616,37.0471617084246,10.7489047332703,27.9293135010849,-1.1592002378712998,729.9787985307402,1.6553687056550699,0,0.0,Green (Sustainable),Green (Sustainable),-1.0341977871153603,Stable Labor Market
GTM,Guatemala,2007,21.986997531652,6.33771869016203,6.82161753590326,2458.81573919384,69.0013643101763,34.0311591623049,11.4293811434453,27.312056435591074,-2.8299618822046995,788.6428921187285,1.8554670424284254,0,0.0,Green (Sustainable),Green (Sustainable),-2.0205186901620307,Stable Labor Market
GTM,Guatemala,2008,20.383408037295,3.29352400028485,11.355761126315,2763.05988172926,65.1787305213103,33.6678423122374,11.1762764363876,26.56060600459085,-4.1805517409759005,728.4555100789776,1.8712816221688848,0,0.0,Green (Sustainable),Green (Sustainable),1.0236759997151497,Moderate LPI Risk (Vulnerable)
GTM,Guatemala,2009,23.3939731993278,0.476898106596394,1.85910254733028,2611.64632773352,58.0406869738673,35.1098383241386,12.6453234765088,28.80998516935083,-1.3067692118790006,733.9432615833426,0.6828806071748782,0,0.0,Green (Sustainable),Green (Sustainable),3.8403018934036055,Moderate LPI Risk (Vulnerable)
GTM,Guatemala,2010,24.8169594138567,2.88417542800377,3.8595090983316,2805.25960237322,63.1251925746222,39.5434711798924,12.9572509013633,31.07602898566902,-0.3930025601926985,817.9289583862554,,0,0.0,Green (Sustainable),Green (Sustainable),1.4330245719962296,Moderate LPI Risk (Vulnerable)
GTM,Guatemala,2011,24.5639597782709,4.16390688293349,6.214123930671,3168.98370607705,65.0470510420457,37.9218366331352,12.4805016628481,30.243377548970784,,811.8198286936165,,0,0.0,Green (Sustainable),Green (Sustainable),0.15329311706650994,Stable Labor Market
GTM,Guatemala,2012,24.7007424112068,2.97470856847661,3.78180754679678,3286.61959336267,61.9594193352042,43.559113301248,12.9040474025666,32.27203130370572,,799.5272841369766,,0,0.0,Green (Sustainable),Green (Sustainable),1.3424914315233898,Moderate LPI Risk (Vulnerable)
GTM,Guatemala,2013,25.2099619740494,3.69481894978053,4.34337131279521,3444.15802275864,56.6852490208198,41.5762643176388,13.1489871773941,32.02427559010192,,745.353612522151,,0,0.0,Green (Sustainable),,0.6223810502194698,Stable Labor Market
IND,India,1995,47.4916413028303,7.57449183788519,10.2248861637544,375.17600537305,22.8674487062499,24.3736131718362,31.8893535246911,47.75495563831318,-2.8275768706841973,729.2281560013431,2.3526705288569585,0,0.0,Yellow (Vulnerable),Yellow (Vulnerable),-3.25729183788519,Stable Labor Market
IND,India,1996,45.7233077028079,7.54952224920051,8.97715233826453,401.046754673579,21.9294878713867,26.4876066129941,32.1511888347848,47.83156837137567,-5.629643735606898,705.0591056030768,3.3116944116678098,0,0.0,Yellow (Vulnerable),Yellow (Vulnerable),-3.23232224920051,Stable Labor Market
IND,India,1997,50.3654361276153,4.04982084998183,7.16425211462724,416.228116203753,22.6193868670479,30.1781699926886,32.9417715524895,51.32251542217834,-4.638810368840105,745.1226748316731,3.769877656895256,0,0.0,Yellow (Vulnerable),Yellow (Vulnerable),0.2673791500181695,Stable Labor Market
IND,India,1998,50.3192181735145,6.18441582172117,13.2308389767977,413.630864056851,23.6994700790647,31.1658971217028,37.4053093186357,54.702624531457076,-8.698691623370003,886.4860089951668,5.154850266235041,0,0.0,Yellow (Vulnerable),Yellow (Vulnerable),-1.86721582172117,Stable Labor Market
IND,India,1999,51.3529514384148,8.84575555939531,4.66982038037594,441.927991436397,24.8155980442929,36.0848593077683,37.1579861333881,56.20027213817767,-11.199819856142504,922.0976480215685,4.8082073183814416,0,0.0,Yellow (Vulnerable),Yellow (Vulnerable),-4.5285555593953095,Stable Labor Market
IND,India,2000,55.0042464964554,3.84099115659129,4.0094359104519,442.750218937263,26.9009229104474,40.5996797790178,38.9124153247311,60.21255002634791,-7.185807399590999,1046.7798849099033,3.301126696578532,0,0.0,Yellow (Vulnerable),Yellow (Vulnerable),0.4762088434087097,Stable Labor Market
IND,India,2001,59.0179097968845,4.82396626555771,3.77929312235637,450.357900514128,25.9932547534365,49.2972814106673,40.9362905858033,65.89353701225791,-3.575066946503995,1064.0674298574895,1.5194019494515365,0,0.0,Yellow (Vulnerable),Yellow (Vulnerable),-0.5067662655577099,Stable Labor Market
IND,India,2002,62.5527712945573,3.80397532112175,4.29715203929563,469.149928973927,29.5086629350614,67.7196714862146,39.4695133481168,72.28114397083172,0.32624519438360267,1164.6925656004853,1.2318572833217296,1,62.5527712945573,Yellow (Vulnerable),Yellow (Vulnerable),0.5132246788782497,Stable Labor Market
IND,India,2003,62.1900538960464,7.8603814759073,3.80585899528851,544.143133545002,30.592436132908,87.2587269811448,36.0585422663517,76.1661325066373,2.5233236198247013,1103.118651329128,2.2003701621927436,1,62.1900538960464,Yellow (Vulnerable),Yellow (Vulnerable),-3.5431814759073,Stable Labor Market
IND,India,2004,62.5929767433885,7.92293661199932,3.76725173477515,624.258826510066,37.503814059447,106.459372005668,31.906730243263,79.79789975217764,5.095440354141701,1196.6240782882696,2.514040736743602,1,62.5929767433885,Yellow (Vulnerable),Yellow (Vulnerable),-3.60573661199932,Stable Labor Market
IND,India,2005,62.2265261001737,7.92343062148318,4.24634362031922,710.488080408949,42.0016696148691,113.721097540285,28.5709534884237,79.85335456005318,4.934311819178802,1200.0277490025642,2.6537584300386015,1,62.2265261001737,Yellow (Vulnerable),Yellow (Vulnerable),-3.6062306214831805,Stable Labor Market
IND,India,2006,59.6667302762217,8.06073257166651,5.79652337561634,801.668353659022,45.7244804992652,111.612105248727,25.6389801620073,76.33271209676606,4.410284164424802,1172.32904843875,3.0414203500031123,0,0.0,Yellow (Vulnerable),Yellow (Vulnerable),-3.7435325716665098,Stable Labor Market
IND,India,2007,57.4975363892468,7.6608150670107,6.37288135593231,1021.88707706826,45.686268679348,135.539270475798,23.3702640165956,81.6553420856573,5.9056260888570975,1067.700160969485,2.9316483018655637,0,0.0,Yellow (Vulnerable),Yellow (Vulnerable),-3.3436150670107,Stable Labor Market
IND,India,2008,57.2922142809949,3.08669805921981,8.34926704907581,992.519584923828,53.3682204392226,113.346273242114,26.5385023747673,76.59681558877475,5.7356606208972,1416.3126448634137,2.854568193750693,0,0.0,Yellow (Vulnerable),Yellow (Vulnerable),1.2305019407801896,Moderate LPI Risk (Vulnerable)
IND,India,2009,55.2564461117969,7.86188883286074,10.8823529411764,1094.94974598436,46.2728696428837,111.068783299851,28.4629068902757,76.37282512301314,4.578415549901699,1317.0603801912637,1.967987044636365,0,0.0,Yellow (Vulnerable),Yellow (Vulnerable),-3.54468883286074,Stable Labor Market
IND,India,2010,51.5919103003897,8.49758470221235,11.9893899204244,1347.51939071367,49.2552064974161,103.461319152171,22.8257875283649,68.90807703485525,1.2800829376889027,1124.288878175758,0.7517832884503278,0,0.0,Yellow (Vulnerable),Yellow (Vulnerable),-4.180384702212351,Stable Labor Market
IND,India,2011,51.5565536600977,5.24131619937695,8.91179336483371,1445.46127486037,55.6238800135298,89.3361512583746,22.8683894409753,64.29935601663333,1.6556287852657974,1272.0285503674818,0.6758846057690013,0,0.0,Yellow (Vulnerable),Yellow (Vulnerable),-0.9241161993769502,Stable Labor Market
IND,India,2012,50.6780305618952,5.45638755166587,9.47899691419801,1429.32199520032,55.7937217287511,76.5267053788125,24.9086652545747,61.18477266061976,0.7133121762401018,1389.747137848352,1.1948499908938066,0,0.0,Yellow (Vulnerable),Yellow (Vulnerable),-1.13918755166587,Stable Labor Market
IND,India,2013,50.3118273627008,6.38610640094825,10.0178784746102,1432.84397512195,53.8441319466777,69.7708394619796,25.6891578331182,59.402029176775066,2.678071771173599,1383.2104039654453,1.3513738718356012,0,0.0,Yellow (Vulnerable),Yellow (Vulnerable),-2.0689064009482507,Stable Labor Market
IND,India,2014,49.9009248748319,7.41022760508854,6.66565671867899,1553.88396075118,48.9221857470669,71.0548132506625,27.1850847623906,60.470202853360135,2.317315494812199,1329.9537662954308,1.5369311583574417,0,0.0,Yellow (Vulnerable),Yellow (Vulnerable),-3.0930276050885404,Stable Labor Market
IND,India,2015,49.9647183856551,7.99625378571471,4.90697344127256,1583.99815907985,41.9229138658647,73.7878403060619,25.2096176405981,60.038144553314325,3.4422197197228996,1056.8606289381776,,0,0.0,Yellow (Vulnerable),Yellow (Vulnerable),-3.67905378571471,Stable Labor Market
IND,India,2016,47.6337555915272,8.25630550179086,4.94821634062141,1707.50892912243,40.082485713276,79.3986952137364,24.2105608843598,60.246516410483984,,970.4194607577505,,0,0.0,Yellow (Vulnerable),Yellow (Vulnerable),-3.939105501790861,Stable Labor Market
IND,India,2017,47.5836093800197,6.79538341897911,3.32817337461298,1950.10468280866,40.7424969545225,80.6554701626196,24.2919368978606,60.61611408502256,,989.7141650805384,,0,0.0,Yellow (Vulnerable),Yellow (Vulnerable),-2.4781834189791105,Stable Labor Market
IND,India,2018,46.5224986659322,6.45385134497769,3.9388264669163,1966.25455171679,43.6169693323889,76.5897509037982,23.011306254749,58.09649712866502,,1003.683439211596,,0,0.0,Yellow (Vulnerable),,-2.1366513449776905,Stable Labor Market
IDN,Indonesia,1995,30.8043248823304,8.22000739903493,9.42030300572996,1011.22614205568,53.9585900635426,11.9836160124928,8.86683579565239,22.319637083960725,-24.399762782533003,478.4419578583529,19.390606996685577,0,0.0,Green (Sustainable),Green (Sustainable),-3.9028073990349306,Stable Labor Market
IDN,Indonesia,1996,23.92314220907,7.81818707670867,7.97328096513346,1118.92133024129,52.264743657148,15.0353647148094,7.11714605322908,19.33278089389406,-21.2848248985406,371.9758140425005,19.129783331365868,0,0.0,Green (Sustainable),Yellow (Vulnerable),-3.50098707670867,Stable Labor Market
IDN,Indonesia,1997,72.4853185253111,4.69987885390397,6.22615154887214,1044.60674832472,55.9938588086777,12.8259041215135,9.50164998238906,39.74979946943692,40.2611919943122,532.034047563368,17.585715332403456,1,72.4853185253111,Yellow (Vulnerable),Yellow (Vulnerable),-0.38267885390397005,Stable Labor Market
IDN,Indonesia,1998,55.2040876648634,-13.1267254923818,58.4510413515526,454.877800792123,96.1861923602686,15.5829738883158,19.8651427235273,42.26552960524687,25.4866914182206,1910.752439269387,10.671134695170798,0,0.0,Yellow (Vulnerable),Yellow (Vulnerable),17.4439254923818,Moderate LPI Risk (Vulnerable)
IDN,Indonesia,1999,45.2079671076106,0.79112608199847,20.4778324428892,657.268934667018,62.9439128601924,18.0131267308648,21.6050144176087,38.634020900404856,10.982938897049003,1359.9041448451624,6.37982683132342,0,0.0,Yellow (Vulnerable),Green (Sustainable),3.5260739180015297,Moderate LPI Risk (Vulnerable)
IDN,Indonesia,2002,32.2241265309989,4.49947539085764,11.9001200338414,881.002913569131,59.0794617663723,24.939689858145,25.5253961055389,37.754641515547874,2.2268201494319015,1508.0266632886937,,0,0.0,Green (Sustainable),Green (Sustainable),-0.18227539085764022,Stable Labor Market
IDN,Indonesia,2003,29.7173962466428,4.78036912167654,6.75731256333564,1043.2105838671,53.6164937473016,26.981836298671,18.7086898064905,32.84000222116411,,1003.094350029903,,0,0.0,Green (Sustainable),Green (Sustainable),-0.46316912167654056,Stable Labor Market
IDN,Indonesia,2008,34.2250282105616,6.01370360009123,10.2266663272483,2124.55483920618,58.5613996312961,32.70128554457,9.00157001225649,30.426163602539802,,527.1445387968432,,0,0.0,Green (Sustainable),Green (Sustainable),-1.69650360009123,Stable Labor Market
IDN,Indonesia,2009,29.997306381567,4.62887118256153,4.38641311792074,2218.48541852977,45.5121213687054,36.8546175189665,11.050663756961,31.120143770649705,,502.93915011156304,,0,0.0,Green (Sustainable),,-0.3116711825615299,Stable Labor Market
IRQ,Iraq,2015,27.3918908853526,2.60676642939541,1.39333028780309,4440.14189252367,69.5917685983115,282.154789531229,1.10075897156647,101.79009347973386,-0.04635748021210162,76.60376363176914,,0,0.0,Green (Sustainable),Green (Sustainable),1.71043357060459,Moderate LPI Risk (Vulnerable)
IRQ,Iraq,2016,29.4760678294225,13.7873730187089,0.556521397155511,4334.42096404188,54.588320188677,193.969501392406,2.58173133128099,75.43701605942718,,140.93237655310602,,0,0.0,Green (Sustainable),Green (Sustainable),-9.4701730187089,Stable Labor Market
IRQ,Iraq,2017,35.8630061588304,-1.81975035118309,0.18405889884769,4759.2846435467,59.7809123923157,175.61585571741,2.98770093449861,72.41789480944608,,178.60748781970113,,0,0.0,Green (Sustainable),Green (Sustainable),6.136950351183089,Moderate LPI Risk (Vulnerable)
IRQ,Iraq,2018,27.4382483655647,2.63385099105624,0.367441488936849,5646.68932074742,65.8017917701083,232.825045851289,5.25976313382487,88.6996719931294,,346.10183849203634,,0,0.0,Green (Sustainable),,1.6833490089437597,Moderate LPI Risk (Vulnerable)
JOR,Jordan,1995,105.062888412836,6.20087444373819,2.35312451301273,1415.71151592128,124.582688188008,29.7557540632153,8.76555605464105,57.71997842347112,3.8902975896340024,1092.0365367498514,2.8923282650007542,1,105.062888412836,Red (Trap),Red (Trap),-1.8836744437381903,Stable Labor Market
JOR,Jordan,1996,106.234221027771,2.08702078168028,6.50121802679586,1410.17424189419,131.059123299943,27.8421277734441,9.68477142297955,58.33156982060319,6.328366364634803,1269.2776520560412,4.459615824372781,1,106.234221027771,Red (Trap),Red (Trap),2.2301792183197198,Moderate LPI Risk (Vulnerable)
JOR,Jordan,1997,100.385416463901,3.30847538304737,3.0378842030025,1435.87593846863,120.737112880307,33.3058297928857,13.2426142394694,59.841795481710086,6.6744457535804,1598.8750102611777,4.637995996809069,1,100.385416463901,Red (Trap),Red (Trap),1.0087246169526298,Moderate LPI Risk (Vulnerable)
JOR,Jordan,1998,101.172590823202,3.01217269046565,3.09166666666703,1532.11380395602,109.052402937716,26.2962869545684,11.8397519971384,57.032751563424114,10.346027660262195,1291.1534054745646,6.63432416219836,1,101.172590823202,Red (Trap),Red (Trap),1.3050273095343496,Moderate LPI Risk (Vulnerable)
JOR,Jordan,1999,99.9058546631362,3.38953079405088,0.606256567779427,1544.58750592979,104.470373639306,34.1716191048558,11.2839633401458,58.579193012003564,14.831818749094396,1178.8398662772631,5.562893949644171,1,99.9058546631362,Red (Trap),Red (Trap),0.9276692059491198,Stable Labor Market
JOR,Jordan,2000,93.7109707103206,4.24571192079179,0.66688092559796,1570.61002940477,110.328904595996,31.10743073136,11.9915808309055,55.547702469377015,4.792631313195201,1323.0179774481473,3.1483029963685087,1,93.7109707103206,Red (Trap),Red (Trap),0.07148807920820932,Stable Labor Market
JOR,Jordan,2001,90.8265631629398,5.26995757513571,1.77220437351017,1632.29454010563,109.285478573786,26.7061850939007,11.4921823943237,52.700574105594434,1.804328306496103,1255.9286528209034,4.345522257272491,1,90.8265631629398,Red (Trap),Red (Trap),-0.9527575751357107,Stable Labor Market
JOR,Jordan,2002,85.0740359140418,5.78380792679296,1.83299389002049,1706.26744384401,114.03885781572,31.6261918101738,9.09147053828299,50.40905689796131,5.124228618173703,1036.7809160510612,6.936719598957599,1,85.0740359140418,Red (Trap),Red (Trap),-1.4666079267929604,Stable Labor Market
JOR,Jordan,2003,88.9183393971254,4.16166755544407,1.62999999999998,1775.67625581432,115.706835253918,42.9514536559466,7.22156190121692,54.37446098189425,16.293426044932488,835.584073180077,8.889571772696822,1,88.9183393971254,Red (Trap),Red (Trap),0.15553244455592985,Stable Labor Market
JOR,Jordan,2004,89.0222348564437,8.56721424236899,3.36186821476601,1940.08641342805,134.621611934395,42.2377141334675,5.84836698450116,53.37940621387696,19.062708672110602,787.316590637443,12.60453240584376,1,89.0222348564437,Red (Trap),Yellow (Vulnerable),-4.250014242368991,Stable Labor Market
JOR,Jordan,2005,79.9498072958681,8.14659481079931,3.49368534619531,2087.87079273635,146.908891279018,42.7767249427234,6.75913838120105,50.463572308359424,24.883754711634197,992.9775255837029,10.128633501730983,1,79.9498072958681,Yellow (Vulnerable),Yellow (Vulnerable),-3.829394810799311,Stable Labor Market
JOR,Jordan,2006,72.6249133521929,8.09297527811933,6.25172466656443,2342.63459574933,141.747381831126,50.3880844582081,7.66736139337386,50.609794517386966,13.403446475920205,1086.828403063799,7.552893051906023,1,72.6249133521929,Yellow (Vulnerable),Yellow (Vulnerable),-3.7757752781193297,Stable Labor Market
JOR,Jordan,2007,69.9595261843331,8.17616995204646,4.74390639021648,2506.20599484139,145.994246288526,53.3217237195438,8.08007050232909,50.67064449598732,10.188441822593397,1179.6438029456872,5.487026990443813,1,69.9595261843331,Yellow (Vulnerable),Yellow (Vulnerable),-3.8589699520464595,Stable Labor Market
JOR,Jordan,2008,55.0660525842339,7.22038637280139,13.9712310012729,3241.6524135556,140.91292596092,64.5381379783004,7.97315549552592,48.50307043890892,-5.355719406199597,1123.5206700159465,3.66754691681943,0,0.0,Yellow (Vulnerable),Yellow (Vulnerable),-2.9031863728013905,Stable Labor Market
JOR,Jordan,2009,59.2214668762727,5.02371007272669,-0.739069743144777,3435.8337590698,112.151998187109,85.0410142788597,8.67468813589313,56.600397074812946,-6.129147063585194,972.8836080904222,6.112318074259056,0,0.0,Yellow (Vulnerable),Yellow (Vulnerable),-0.7065100727266902,Stable Labor Market
JOR,Jordan,2010,59.7710843617397,2.31483422063046,4.84551875852116,3718.46571622945,114.222677694125,80.6961643688828,8.52510348081584,55.55849739625629,-13.952727886339297,973.7601471982908,8.02285735152392,0,0.0,Yellow (Vulnerable),Yellow (Vulnerable),2.0023657793695397,Moderate LPI Risk (Vulnerable)
JOR,Jordan,2011,60.4217719904335,2.73717988632104,4.1624416292779,3946.85503855525,118.699679501801,69.2013311103471,7.9332828460075,51.75367762810404,-17.292219764477196,941.6781312182259,8.029383814214118,1,60.4217719904335,Yellow (Vulnerable),Yellow (Vulnerable),1.5800201136789598,Moderate LPI Risk (Vulnerable)
JOR,Jordan,2012,65.3506139398579,2.42935800100238,4.5152295667099,4169.50470054618,117.855587685189,48.2601308716103,11.5347328017727,49.38716437934028,-13.510835729558906,1359.4327131445482,5.298708887266644,1,65.3506139398579,Yellow (Vulnerable),Yellow (Vulnerable),1.8878419989976196,Moderate LPI Risk (Vulnerable)
JOR,Jordan,2013,73.723812248079,2.60994737548631,4.82462314269537,4311.21916713038,111.451527997628,60.1049159311644,12.7891227339029,57.36653501932473,-0.3480485253359973,1425.36727044268,2.2580883699027,1,73.723812248079,Yellow (Vulnerable),Yellow (Vulnerable),1.7072526245136896,Moderate LPI Risk (Vulnerable)
JOR,Jordan,2014,77.7139917549107,3.38407809933472,2.89947905006057,4191.18050084986,109.938805535022,66.5162713757684,12.7414827453355,60.92131152955524,2.3334897071389946,1400.7833937672776,2.2716796695574746,1,77.7139917549107,Yellow (Vulnerable),Yellow (Vulnerable),0.9331219006652796,Stable Labor Market
JOR,Jordan,2015,78.8614496694168,2.49652879315188,-0.876851359704049,4042.75678097555,95.3579122266791,64.7378053598567,13.4632079219575,61.13377548137068,-0.4834035798548939,1283.823399311554,2.2831360773683196,1,78.8614496694168,Yellow (Vulnerable),Yellow (Vulnerable),1.82067120684812,Moderate LPI Risk (Vulnerable)
JOR,Jordan,2016,74.071860773415,1.9941808493012,-0.778430463054142,3986.71677010853,88.7207178954687,57.333778713001,11.8139640149372,55.78495370985091,-1.8942119125755994,1048.143368596462,10.382619194791221,1,74.071860773415,Yellow (Vulnerable),Yellow (Vulnerable),2.3230191506987996,Moderate LPI Risk (Vulnerable)
JOR,Jordan,2017,75.3805020477717,2.47359815449045,3.32389447576097,4065.61628749384,89.7316005071358,51.814220701082,11.529655766848,54.53266237988623,-23.615201331995507,1034.574465255599,12.735960126648354,1,75.3805020477717,Yellow (Vulnerable),Yellow (Vulnerable),1.8436018455095495,Moderate LPI Risk (Vulnerable)
JOR,Jordan,2019,79.3448532492717,1.75124077866225,0.761514047265601,4170.1144003465,85.6878334964204,45.980761346001,14.357195362573,55.984553089091456,-21.563429896986307,1230.2369657037343,12.869045373965875,1,79.3448532492717,Yellow (Vulnerable),Yellow (Vulnerable),2.56595922133775,Moderate LPI Risk (Vulnerable)
JOR,Jordan,2020,75.9660726859906,-1.10275188309046,0.333294350628378,4022.0401356135,66.0599488089059,44.5907950178063,17.6884007454936,56.28310084877167,-26.8812034321914,1168.4948477587202,,1,75.9660726859906,Yellow (Vulnerable),Red (Trap),5.41995188309046,High LPI Risk (Structural Trap)
JOR,Jordan,2021,98.9957033797672,3.65564358999147,1.34609377243118,4183.49998326866,80.3328699444404,45.7151588172954,17.2660064885933,65.73757128483841,,1387.0278537080296,,1,98.9957033797672,Red (Trap),Red (Trap),0.6615564100085298,Stable Labor Market
JOR,Jordan,2022,100.908283146258,2.64743514912058,4.22915568897117,4332.25159897931,104.095459439189,44.2024222435832,16.0152568992596,65.34299317450339,,1667.1155249650697,,1,100.908283146258,Red (Trap),Red (Trap),1.6697648508794196,Moderate LPI Risk (Vulnerable)
JOR,Jordan,2023,102.847276118182,2.88408339281683,2.08486986327134,4466.08314208575,100.347868752034,42.7944494129774,18.6224545593736,67.2608452092955,,1868.7236259647393,,1,102.847276118182,Red (Trap),,1.4331166071831696,Moderate LPI Risk (Vulnerable)
KAZ,Kazakhstan,2010,9.52296325134078,7.30000000329814,7.40046356341397,8793.07589980782,74.1382658957842,23.7218015474828,1.72698378812907,12.806878547605876,-1.3176759025234208,128.03558328202163,1.4627410177242997,0,0.0,Green (Sustainable),Green (Sustainable),-2.9828000032981405,Stable Labor Market
KAZ,Kazakhstan,2011,8.80131007226425,7.40000000144188,8.452904661768,11287.1464926039,73.1178570509129,23.4981251408586,1.61745538755827,12.41410762624958,-3.8456595544275487,118.26487181371452,4.085885511188102,0,0.0,Green (Sustainable),Green (Sustainable),-3.08280000144188,Stable Labor Market
KAZ,Kazakhstan,2012,10.4981138465889,4.79999999528297,5.19568369035063,12018.7966527993,73.7237324891671,20.8357193631031,1.61992333971415,12.12820827619321,-8.809802215010098,119.42679495004415,3.870347291782909,0,0.0,Green (Sustainable),Green (Sustainable),-0.4827999952829707,Stable Labor Market
KAZ,Kazakhstan,2013,10.8406391538642,5.99999999671084,5.94283871648418,13478.459627612,65.4076093299538,16.2583331260009,2.05729162621763,11.115920369432455,-5.928786121011997,134.56252696542808,3.4570628706057165,0,0.0,Green (Sustainable),Green (Sustainable),-1.6827999967108402,Stable Labor Market
KAZ,Kazakhstan,2014,12.6469696266918,4.20000000566705,6.84944977003349,12427.7094576939,64.9720346513507,18.2555730687253,2.56499448922936,12.843254023025294,-4.283388632874299,166.65291083473358,3.458849948615463,0,0.0,Green (Sustainable),Green (Sustainable),0.11719999433294959,Stable Labor Market
KAZ,Kazakhstan,2015,19.307916061599,1.20000000053288,6.67828585615244,10196.1226255982,53.0497288072652,17.8388585013977,4.48033492896961,16.624031770499844,-2.6843208779197028,237.68055294755558,2.128035912359448,0,0.0,Green (Sustainable),Green (Sustainable),3.11719999946712,Moderate LPI Risk (Vulnerable)
KAZ,Kazakhstan,2016,16.7694252748762,1.09999999910173,14.3610942386248,7475.56688689424,60.3115965864153,17.7285877588253,7.84060442096991,18.00304153457206,-1.7136216728757034,472.8793708312015,3.1243648468844265,0,0.0,Green (Sustainable),Green (Sustainable),3.21720000089827,Moderate LPI Risk (Vulnerable)
KAZ,Kazakhstan,2017,16.9303582595661,4.10000000257358,7.44266321306792,8943.08416791984,56.825387935971,18.8554414076968,4.55046814458543,16.059549476170673,-6.785402241456602,258.58211760634526,2.8644644639741386,0,0.0,Green (Sustainable),Green (Sustainable),0.2171999974264196,Stable Labor Market
KAZ,Kazakhstan,2018,21.9922369395187,4.09999999309841,6.16366247577757,9472.48527327758,63.5279565118188,19.2200898039653,5.7280429953876,18.92799947629409,-0.41980364321819863,363.8908663088118,1.9406748119849981,0,0.0,Green (Sustainable),Green (Sustainable),0.21720000690158958,Stable Labor Market
KAZ,Kazakhstan,2019,18.4830469477519,4.50000000091883,5.33356098916675,9457.12614657136,64.8586165517565,16.9643451928874,6.28036306435016,17.108278115325817,-2.871736061465498,407.3356597965015,1.946636293783342,0,0.0,Green (Sustainable),Green (Sustainable),-0.18280000091883064,Stable Labor Market
KAZ,Kazakhstan,2020,23.7157605010227,-2.49999999628,6.71815454861464,8781.50797787648,57.0264423660931,20.6132314221737,10.1889346243807,22.93918299455332,2.8299107800757994,581.0386931291364,,0,0.0,Green (Sustainable),Green (Sustainable),6.817199996279999,Moderate LPI Risk (Vulnerable)
KAZ,Kazakhstan,2021,22.4120405827369,4.29999999729456,8.04147134028391,9983.60103576902,58.6686085779207,19.826926280196,8.89201718246527,21.383833335142278,,521.6822755462002,,0,0.0,Green (Sustainable),Green (Sustainable),0.01720000270543931,Stable Labor Market
KAZ,Kazakhstan,2022,21.3547830092174,3.19999999970734,15.0278644440851,11255.3396437881,68.3343147415612,20.6852391034401,7.06990907666456,20.336292630838187,,483.1173920390164,,0,0.0,Green (Sustainable),Green (Sustainable),1.1172000002926596,Moderate LPI Risk (Vulnerable)
KAZ,Kazakhstan,2023,20.8858497209469,5.09999999973641,14.7249900200331,12879.4275257974,62.3342837675021,20.9726120221524,8.95778414084979,21.43142266966123,,558.3770585637609,,0,0.0,Green (Sustainable),,-0.7827999997364099,Stable Labor Market
KGZ,Kyrgyz Republic,2014,53.8893270176244,4.02403863083252,7.5342472977589,1264.52668823891,125.126181075833,26.8695671101477,2.39513444851133,32.209448126041465,-7.028901659014295,299.6940267053941,8.110323393936227,0,0.0,Yellow (Vulnerable),Yellow (Vulnerable),0.29316136916748015,Stable Labor Market
KGZ,Kyrgyz Republic,2015,72.4565575830671,3.87582544512439,6.50331838993384,1105.65193844261,110.961570714633,23.0299836610283,2.94088512243758,38.81340354590074,20.7997717423293,326.32523247696963,8.645333678996867,1,72.4565575830671,Yellow (Vulnerable),Yellow (Vulnerable),0.4413745548756096,Stable Labor Market
KGZ,Kyrgyz Republic,2016,60.4735108680683,4.33585592190116,0.388838296895799,1103.27489428412,105.823574017406,24.678973788035,3.56258397156939,34.646542390887575,9.140973031027201,377.00536860859756,7.02423507975848,1,60.4735108680683,Yellow (Vulnerable),Yellow (Vulnerable),-0.01865592190116061,Stable Labor Market
KGZ,Kyrgyz Republic,2017,60.9182286766387,4.73993722377884,3.1753098637994,1221.39046807082,100.617445813258,26.7801371556518,2.84889766830014,35.14859085902283,-7.037993616520801,286.6488067677064,6.971125435764921,1,60.9182286766387,Yellow (Vulnerable),Yellow (Vulnerable),-0.4227372237788405,Stable Labor Market
KGZ,Kyrgyz Republic,2018,51.6567858407378,3.75791013557165,1.54266145238436,1283.5203037417,98.8755599017608,26.4214015567487,3.44929046313783,31.603668032142522,-4.705583619326504,341.0505258065567,8.01425496964738,0,0.0,Yellow (Vulnerable),Yellow (Vulnerable),0.5592898644283495,Stable Labor Market
KGZ,Kyrgyz Republic,2019,51.3325378370411,4.60062565707598,1.13362257718804,1421.99927504102,94.4302823542939,28.7257424122295,3.09497532752194,31.96489074519086,4.247057296659101,292.25939405747005,10.33640989242193,0,0.0,Yellow (Vulnerable),Yellow (Vulnerable),-0.28342565707598055,Stable Labor Market
KGZ,Kyrgyz Republic,2020,67.9562222931595,-7.14897757727955,6.32542296338078,1229.51766602907,78.9922784304738,32.4083200734643,3.65061845400427,40.426507185452145,27.414233284889498,288.3706693621311,,1,67.9562222931595,Yellow (Vulnerable),Yellow (Vulnerable),11.466177577279549,High LPI Risk (Structural Trap)
KGZ,Kyrgyz Republic,2021,56.3623694600643,5.50700762671923,11.9050398185147,1349.99730650542,100.261376861569,32.9176143425874,2.39965159788495,35.31079242011269,,240.5923731920092,,0,0.0,Yellow (Vulnerable),Yellow (Vulnerable),-1.1898076267192303,Stable Labor Market
KGZ,Kyrgyz Republic,2022,47.085480540382,8.96750520041391,13.9229093174176,1739.72018344174,133.786718048766,28.7149081120481,2.39381925333642,30.288490944643982,,320.26122150582717,,0,0.0,Yellow (Vulnerable),Yellow (Vulnerable),-4.650305200413911,Stable Labor Market
KGZ,Kyrgyz Republic,2023,40.54198900827,9.0132928339342,10.7532770416742,2138.22210211478,132.373403912336,31.8335843916948,2.34718616530786,28.480273184216365,,310.7050223177444,,0,0.0,Yellow (Vulnerable),,-4.6960928339342,Stable Labor Market
LCN,Latin America & Caribbean,2019,70.6884319438481,0.312079320235867,2.37167859363036,8539.39776066424,47.7128393460766,40.8038935133109,13.1536550634556,50.12266292371249,,627.598230856364,,1,70.6884319438481,Yellow (Vulnerable),Yellow (Vulnerable),4.005120679764133,High LPI Risk (Structural Trap)
LCN,Latin America & Caribbean,2020,77.681637162207,-6.86063404728556,1.49389017299587,7168.64740599577,45.9770000487609,42.6522712816691,11.8624200356982,52.68573990162446,,545.3984865597184,,1,77.681637162207,Yellow (Vulnerable),Yellow (Vulnerable),11.17783404728556,High LPI Risk (Structural Trap)
LCN,Latin America & Caribbean,2021,69.1122409191485,7.06404255272612,3.87805442411131,8291.07156305024,52.6180279123337,43.1153843325594,11.074827718446,48.9523669292751,,582.7355940134786,,1,69.1122409191485,Yellow (Vulnerable),,-2.74684255272612,Stable Labor Market
LAC,Latin America & Caribbean (excluding high income),2019,71.0076212752645,0.597515256905496,2.50460959460401,8282.78290882792,44.9975725197578,40.8066089213889,12.5649829087739,49.88214863268749,4.551979159495303,565.3937296470709,4.308833981268672,1,71.0076212752645,Yellow (Vulnerable),Yellow (Vulnerable),3.7196847430945037,High LPI Risk (Structural Trap)
LAC,Latin America & Caribbean (excluding high income),2020,77.9141737302421,-6.54995286111402,2.52663500084706,6904.27677369596,45.0877732963407,42.6502486275407,11.8624200356982,52.81920857566884,8.6181716355416,534.8501053155302,,1,77.9141737302421,Yellow (Vulnerable),Yellow (Vulnerable),10.86715286111402,High LPI Risk (Structural Trap)
LAC,Latin America & Caribbean (excluding high income),2021,69.2264125499782,6.90270247216083,4.27166381536798,7970.6164425206,51.9411047307609,43.1166313279534,11.074827718446,49.01422424538108,,575.2387863989375,,1,69.2264125499782,Yellow (Vulnerable),Yellow (Vulnerable),-2.5855024721608304,Stable Labor Market
LAC,Latin America & Caribbean (excluding high income),2022,66.4556421157692,3.94705326197962,8.33370630096231,9111.34927084769,55.088454453885,40.2379188683041,11.9259850062736,47.67493635280429,,656.9840818358185,,1,66.4556421157692,Yellow (Vulnerable),Yellow (Vulnerable),0.37014673802037956,Stable Labor Market
LAC,Latin America & Caribbean (excluding high income),2023,69.2960020947005,2.16624377428548,5.08677483158112,10196.271088969,47.7163472897433,39.9781293290999,13.8203285618031,49.82611823682842,,659.4555973133553,,1,69.2960020947005,Yellow (Vulnerable),,2.15095622571452,Moderate LPI Risk (Vulnerable)
TLA,Latin America & the Caribbean (IDA & IBRD countries),2019,70.7260662562803,0.28965539868031,2.09604635327807,8362.63429845968,47.1498818579862,40.8038935133109,13.1536550634556,50.12724414893792,4.444307635579207,620.1932822426336,4.273477119623151,1,70.7260662562803,Yellow (Vulnerable),Yellow (Vulnerable),4.02754460131969,High LPI Risk (Structural Trap)
TLA,Latin America & the Caribbean (IDA & IBRD countries),2020,77.6779808004109,-6.78294271787128,1.76751592356698,6964.3711102796,45.5894315064476,42.6522712816691,11.8624200356982,52.694841462294534,8.480586039627298,540.8009857181748,,1,77.6779808004109,Yellow (Vulnerable),Yellow (Vulnerable),11.100142717871279,High LPI Risk (Structural Trap)
TLA,Latin America & the Caribbean (IDA & IBRD countries),2021,69.0760103211382,7.26349029603928,4.26105127422813,8075.78816650564,51.4996755843368,43.1153843325595,11.074827718446,48.952506442702365,,570.3500346523899,,1,69.0760103211382,Yellow (Vulnerable),Yellow (Vulnerable),-2.9462902960392805,Stable Labor Market
TLA,Latin America & the Caribbean (IDA & IBRD countries),2022,66.2817586207011,4.11782588294029,7.8962761916855,9174.55690452428,54.7675774389193,40.2422862489872,11.182101706662,47.11412475568593,,612.4166211494827,,1,66.2817586207011,Yellow (Vulnerable),Yellow (Vulnerable),0.1993741170597101,Stable Labor Market
TLA,Latin America & the Caribbean (IDA & IBRD countries),2023,69.1973947607836,2.32602977369942,4.92637573192674,10260.5196915782,46.9030409471659,39.9639464952498,13.1891580414697,49.37254446107415,,618.6116196776957,,1,69.1973947607836,Yellow (Vulnerable),,1.9911702263005795,Moderate LPI Risk (Vulnerable)
LSO,Lesotho,2008,37.5171853858454,5.52341966978646,10.7156661309681,898.482517882593,161.126590593391,138.780657968107,1.30800362705601,60.681173292494314,10.386294794950501,210.7541649113242,5.936071641577238,0,0.0,Green (Sustainable),Yellow (Vulnerable),-1.20621966978646,Stable Labor Market
LSO,Lesotho,2009,41.6905722621989,-1.25375779920832,-16.8596910540644,878.847950537772,158.894737585637,195.980534397518,1.33990178439058,79.55838731131774,9.506784927145397,212.90334242126798,5.5270282306089555,0,0.0,Yellow (Vulnerable),Green (Sustainable),5.57095779920832,Moderate LPI Risk (Vulnerable)
LSO,Lesotho,2010,29.563599276758,5.26967078056286,-2.40524254598706,1119.47557793042,150.102435487333,188.561318067166,1.03335196460163,72.64556705836142,-3.645035707367999,155.108646602325,2.616332006254274,0,0.0,Green (Sustainable),Green (Sustainable),-0.9524707805628605,Stable Labor Market
LSO,Lesotho,2011,27.1308905908949,4.61641394528752,5.0366305210156,1280.73390931581,149.796606699153,111.095076133596,1.44340974890591,47.5166132315377,-5.8866021953095,216.21788246258174,2.6069669255275234,0,0.0,Green (Sustainable),Green (Sustainable),-0.2992139452875202,Stable Labor Market
LSO,Lesotho,2012,32.1837873350535,6.33408374679448,6.05143662139967,1217.93071228944,150.208575358438,110.536017685705,1.24980268023077,49.300383352575324,-0.9545972803313987,187.7310800766214,4.123062295475025,0,0.0,Green (Sustainable),Green (Sustainable),-2.0168837467944805,Stable Labor Market
LSO,Lesotho,2013,33.208634984126,1.79252555575545,4.86511899496385,1151.03735837227,133.36548975517,114.611240913035,1.42975772741368,51.08345066294426,-8.8517975023723,190.68033954776425,3.9744450366053883,0,0.0,Green (Sustainable),Green (Sustainable),2.5246744442445497,Moderate LPI Risk (Vulnerable)
LSO,Lesotho,2014,33.0174927862044,1.71054990545476,5.37028961008587,1173.5377928819,126.292475360578,118.549182314897,1.19878259020744,52.133401226437684,-4.3505300006466,151.397220736463,4.035677423417669,0,0.0,Green (Sustainable),Green (Sustainable),2.6066500945452398,Moderate LPI Risk (Vulnerable)
LSO,Lesotho,2015,33.1383846153849,3.12406678044546,3.21844513655931,1121.19851342518,129.722773082867,104.707485463183,1.74335093264484,48.034557005425896,0.29367026923040385,226.15231743929115,4.19118103674609,0,0.0,Green (Sustainable),Yellow (Vulnerable),1.1931332195545399,Moderate LPI Risk (Vulnerable)
LSO,Lesotho,2016,42.0604324864983,3.60890731687714,6.59650490696543,992.491840678465,136.31524774176,68.1261134806299,1.75724792816817,40.126553680360836,9.8934005956297,239.5396866719386,15.334646877145532,0,0.0,Yellow (Vulnerable),Green (Sustainable),0.7082926831228598,Stable Labor Market
LSO,Lesotho,2017,37.368022786851,-3.13817493733471,4.447699373763,1069.36673247542,146.366771329494,43.7229136234102,2.15856990701998,30.6204828484875,34.37530592544133,315.9429079795205,,0,0.0,Green (Sustainable),Green (Sustainable),7.45537493733471,Moderate LPI Risk (Vulnerable)
LSO,Lesotho,2018,32.8447143461545,-1.48063315848241,4.7518030162474,1170.65569702819,144.434955465602,49.7829198251556,2.7838917701524,31.13127958689902,,402.09128384301783,,0,0.0,Green (Sustainable),Green (Sustainable),5.79783315848241,Moderate LPI Risk (Vulnerable)
LSO,Lesotho,2019,32.1670318908686,-1.41799383085205,5.18708359197982,1082.05706777516,140.51663349168,48.8856740378065,3.05056703421181,30.757893215990677,,428.6554098881422,,0,0.0,Green (Sustainable),Green (Sustainable),5.73519383085205,Moderate LPI Risk (Vulnerable)
LSO,Lesotho,2020,2.99271686140967,-8.15595785459911,4.97809676252309,918.582574704447,141.096605062998,42.0276617631031,2.91987008134343,16.6652917490977,,411.98375570257787,,0,0.0,Green (Sustainable),,12.47315785459911,Moderate LPI Risk (Vulnerable)
MWI,Malawi,2017,34.2946221236566,4.00000000089172,11.5433939188771,495.769683367165,45.3003137160008,35.5346706983706,18.5056783397268,37.47551318824978,,838.3130343170249,,0,0.0,Green (Sustainable),Yellow (Vulnerable),0.3171999991082801,Stable Labor Market
MWI,Malawi,2018,41.7011065959944,4.35356471619211,12.420178108921,533.202567189331,43.578773489,33.8151640446414,18.8949919361687,40.209308281806415,,823.4205736627773,,0,0.0,Yellow (Vulnerable),Yellow (Vulnerable),-0.0363647161921099,Stable Labor Market
MWI,Malawi,2019,44.7856317881982,5.71682519194337,9.3708360560567,580.889139762475,44.1954524635798,34.8864598143722,19.8047927095285,42.26281882197985,,875.2817747450185,,0,0.0,Yellow (Vulnerable),,-1.39962519194337,Stable Labor Market
MUS,Mauritius,1995,32.4319382714997,4.28773657145238,6.02933188484532,3648.01649622256,118.148720557781,62.6946294676948,11.2737071906126,40.54886834530969,-0.7167995588688996,1331.9740805139343,1.8772920557355837,0,0.0,Green (Sustainable),Green (Sustainable),0.029463428547619408,Stable Labor Market
MUS,Mauritius,1996,35.2757196068331,5.58784392666244,6.55097336065573,3951.94494649336,126.159212478576,65.6871974161812,13.3044230075362,43.97096758343662,4.2825433783125995,1678.4755291126146,2.001866168433271,0,0.0,Green (Sustainable),Green (Sustainable),-1.2706439266624399,Stable Labor Market
MUS,Mauritius,1997,35.3476342070016,5.68747741886635,6.83334334996102,3695.73668844327,126.107505043338,53.0964760239068,12.5458035246903,39.51328836745438,3.656879202520699,1582.1199812626096,2.13959753680229,0,0.0,Green (Sustainable),Green (Sustainable),-1.3702774188663502,Stable Labor Market
MUS,Mauritius,1998,33.1487378303686,6.07194017756214,6.81079323797193,3641.62142564086,130.442832961932,45.0185836504178,13.1723701504162,36.44695505721974,3.354602019666803,1718.2412792434793,3.7277692987507502,0,0.0,Green (Sustainable),Green (Sustainable),-1.75474017756214,Stable Labor Market
MUS,Mauritius,1999,30.9931762285205,2.61093234413026,6.90914624866773,3745.69625069831,128.954991253643,57.9241972394662,13.1399392525421,39.67092247562104,-8.295332171463503,1694.4607513849667,6.243538023702522,0,0.0,Green (Sustainable),Green (Sustainable),1.7062676558697398,Moderate LPI Risk (Vulnerable)
MUS,Mauritius,2000,31.6907550044809,8.20279174865273,4.19928825622807,3981.98343249582,120.687648773646,94.580229310478,11.933618504436,50.76312356915583,-12.452246071338301,1440.2403586620546,5.879703488865964,0,0.0,Green (Sustainable),Green (Sustainable),-3.8855917486527307,Stable Labor Market
MUS,Mauritius,2001,29.7941358107018,3.34754072731407,5.38934426229508,3908.55694927435,128.05457898019,98.31298404551,13.4656973356433,52.208939296244665,-8.750267443131602,1724.344202990469,5.366308500853717,0,0.0,Green (Sustainable),Green (Sustainable),0.9696592726859299,Stable Labor Market
MUS,Mauritius,2002,39.288508399984,1.61491865862433,6.41933372221149,4073.06053055903,118.230470380251,61.1258052137643,12.5423776948664,43.65051342288449,-1.8502884950704939,1482.8912145508227,2.6235469417075064,0,0.0,Green (Sustainable),Yellow (Vulnerable),2.7022813413756697,Moderate LPI Risk (Vulnerable)
MUS,Mauritius,2003,44.1430010758192,5.92544548947731,3.92105357558188,4858.26575549747,108.655579313428,49.6988327819496,13.3106671823516,42.367822713458736,6.6943104875890995,1446.2782537466476,3.7758296251873453,0,0.0,Yellow (Vulnerable),Green (Sustainable),-1.6082454894773104,Stable Labor Market
MUS,Mauritius,2004,38.5444032538334,4.33001985464357,4.71037060105883,5460.60800184198,107.027698267505,49.046362491721,13.6884784079666,40.16422713275045,4.3844785633470025,1465.0463367891066,3.235120157331888,0,0.0,Green (Sustainable),Yellow (Vulnerable),-0.012819854643570494,Stable Labor Market
MUS,Mauritius,2005,41.1387968950545,1.77754302034454,4.93717004981795,5354.02974260642,121.608743996836,37.767969908653,11.8363384258942,36.446210837343706,7.897170598917597,1439.4022494944804,3.110173932048744,0,0.0,Yellow (Vulnerable),Green (Sustainable),2.53965697965546,Moderate LPI Risk (Vulnerable)
MUS,Mauritius,2006,37.4486905882301,4.8655446077553,8.91350105650142,5784.22491883026,124.782280192468,37.3511008874174,12.0228230813499,35.091736924047666,1.4275552654249992,1500.2352784414745,1.6986894518595266,0,0.0,Green (Sustainable),Green (Sustainable),-0.5483446077553005,Stable Labor Market
MUS,Mauritius,2007,34.1599246904864,5.72701615981669,8.82729272393294,6677.34962448608,118.624058148821,32.287698868919,14.7605994586958,33.8901896975523,-2.1159839739665998,1750.9622084997866,1.270378630364775,0,0.0,Green (Sustainable),Green (Sustainable),-1.4098161598166907,Stable Labor Market
MUS,Mauritius,2008,33.2416262961369,5.38696254207251,9.73228317146887,8140.50808595895,113.492663899724,27.5696868441021,13.7129073992513,31.380564939763897,-1.7942307529651984,1556.3143905512661,1.2523475125311307,0,0.0,Green (Sustainable),Green (Sustainable),-1.0697625420725103,Stable Labor Market
MUS,Mauritius,2009,36.0211353228051,3.31507699790781,2.51609128145113,7426.88645617593,102.458019804655,31.6379932748081,11.684870400714,32.229329155117796,0.017130384130702225,1197.208682931182,8.770138673363565,0,0.0,Green (Sustainable),Green (Sustainable),1.0021230020921896,Moderate LPI Risk (Vulnerable)
MUS,Mauritius,2010,36.275908664453,4.37720322344293,2.93236301369857,8113.17670740212,111.508202075575,33.0271895992792,10.6120751966766,32.10659788641399,-19.140359757412398,1183.3334254722115,10.539694680630312,0,0.0,Green (Sustainable),Green (Sustainable),-0.060003223442929965,Stable Labor Market
MUS,Mauritius,2011,35.0358570491021,4.07753806610333,6.52249254869341,9324.24232310496,115.552473002804,28.2006042253307,8.52523751024298,28.872555161689082,-19.5245527425543,985.1122772448439,11.099286536055136,0,0.0,Green (Sustainable),Green (Sustainable),0.23966193389667012,Stable Labor Market
MUS,Mauritius,2012,36.0040049386744,3.49611836470866,3.85216033315983,9421.52514098225,117.447639083027,28.5464486480285,8.10743855371744,29.004897146455455,-21.1309355253711,952.1995171448243,,0,0.0,Green (Sustainable),Yellow (Vulnerable),0.8210816352913395,Stable Labor Market
MUS,Mauritius,2017,55.4162684218654,3.93798380632353,3.66699702675925,10986.7034093005,126.964059884888,56.2989175390223,7.52857011895304,45.336229770825355,,955.8578274303321,,0,0.0,Yellow (Vulnerable),Yellow (Vulnerable),0.3792161936764695,Stable Labor Market
MUS,Mauritius,2018,54.5604097916564,4.00674057198549,3.2160538314457,11818.7480619272,123.538984386544,56.5518328954857,7.30530001599704,44.910277000338766,,902.489344615278,,0,0.0,Yellow (Vulnerable),Yellow (Vulnerable),0.3104594280145099,Stable Labor Market
MUS,Mauritius,2019,57.1349404640455,2.89128499346516,0.405655190309553,11568.2533399824,127.940899064133,59.561641295323,7.98549286756141,47.237843064091166,,1021.6711369460284,,0,0.0,Yellow (Vulnerable),,1.4259150065348396,Moderate LPI Risk (Vulnerable)
MEX,Mexico,1995,30.7434988919319,-5.91029962358286,34.9992712889592,4183.87847727479,43.6658317263397,10.2232027981104,18.8602983035409,29.10255172979799,9.735281512936698,823.550612030987,4.685655273484863,0,0.0,Green (Sustainable),Green (Sustainable),10.22749962358286,Moderate LPI Risk (Vulnerable)
MEX,Mexico,1996,23.9323468344639,6.21829715869302,34.3783832235168,4674.36792733681,47.7678235339067,12.3915232141588,18.80671648004,26.977134415736366,4.453822371644801,898.3559140707656,2.1784522082283826,0,0.0,Green (Sustainable),Green (Sustainable),-1.9010971586930205,Stable Labor Market
MEX,Mexico,1997,19.7405052707619,7.19887615284711,20.6256287259247,5567.35599516667,46.4918755715735,19.3842620592344,15.1183550244493,24.622155066812894,1.5486419367422002,702.8806806435699,9.765986685444178,0,0.0,Green (Sustainable),Green (Sustainable),-2.8816761528471107,Stable Labor Market
MEX,Mexico,1998,21.0082173789952,6.18507893082885,15.9283950119353,5832.69342004468,48.0318841400179,18.6190420807158,16.5496717689349,25.623665514801036,-20.3191766717926,794.9119169608063,13.291553113524154,0,0.0,Green (Sustainable),Green (Sustainable),-1.8678789308288506,Stable Labor Market
MEX,Mexico,1999,19.4785244628191,2.75503039300564,16.5856169707538,6499.97182950425,48.0122495761105,17.1246052111051,18.2781674202792,25.656624505052434,-26.3588219705877,877.5759359763767,13.897174160284045,0,0.0,Green (Sustainable),Green (Sustainable),1.5621696069943596,Moderate LPI Risk (Vulnerable)
MEX,Mexico,2000,18.1918633340197,5.02928399378261,9.49156149435403,7524.0271380091,49.9104091872497,19.9744859318086,13.9598085416101,23.01295159751188,-26.6690924598187,696.7397564874235,11.662531511953166,0,0.0,Green (Sustainable),Yellow (Vulnerable),-0.7120839937826107,Stable Labor Market
MEX,Mexico,2019,41.3273940507878,-0.392690505066824,3.63596142127046,10369.5553585271,77.4619722571128,29.647112581789,14.0951934279511,35.3256087921286,-2.6420460891426956,1091.841482274587,1.740055092370837,0,0.0,Yellow (Vulnerable),Yellow (Vulnerable),4.709890505066824,Moderate LPI Risk (Vulnerable)
MEX,Mexico,2020,45.8373464334068,-8.35403458167995,3.39683415570006,8841.27075039868,76.8545557056016,32.2804579375208,15.4478152986592,38.84567513973822,0.8075861219634035,1187.2349814006482,,0,0.0,Yellow (Vulnerable),Yellow (Vulnerable),12.67123458167995,Moderate LPI Risk (Vulnerable)
MEX,Mexico,2021,44.8609557938384,6.0484834621255,5.68920847683753,10314.0506722115,83.0692976357895,34.5485089715367,15.8259382618894,39.50326184396391,,1314.6495758425197,,0,0.0,Yellow (Vulnerable),Yellow (Vulnerable),-1.7312834621255,Stable Labor Market
MEX,Mexico,2022,43.9694401399305,3.70975709163623,7.8962761916855,11405.7940473759,88.7984855867186,34.3287067517141,17.1966048273715,40.03249022198767,,1527.0324659038438,,0,0.0,Yellow (Vulnerable),Yellow (Vulnerable),0.6074429083637698,Stable Labor Market
MEX,Mexico,2023,45.0297603114434,3.35354140652768,5.52796087314389,13860.9597809326,73.5788616365245,35.9603364379936,18.5493152767108,41.75392709014496,,1364.837502197374,,0,0.0,Yellow (Vulnerable),,0.9636585934723199,Stable Labor Market
MDA,Moldova,1995,37.6286611371025,-1.39999905491376,29.8656104095719,593.593177049161,128.016386523173,36.9713840304355,13.9456703576834,37.08136558814396,-45.2041211360397,1785.2743268339543,21.465690528457326,0,0.0,Green (Sustainable),Yellow (Vulnerable),5.71719905491376,Moderate LPI Risk (Vulnerable)
MDA,Moldova,1996,40.1231820920436,-5.87706028626823,23.5056772963368,575.145455139019,129.237536040111,36.8024876415557,10.5407834223185,35.61824024120463,-37.7752713010917,1362.2648774328916,19.050854655372124,0,0.0,Yellow (Vulnerable),Yellow (Vulnerable),10.194260286268229,Moderate LPI Risk (Vulnerable)
MDA,Moldova,1997,48.0869353115827,1.64706456037401,11.7728324494468,657.29213459795,127.560400247842,33.8120824489046,12.9466420714627,38.97221970158453,-24.931933248960597,1651.478844501332,14.058374720522796,0,0.0,Yellow (Vulnerable),Red (Trap),2.67013543962599,Moderate LPI Risk (Vulnerable)
MDA,Moldova,1998,82.8327822731422,-6.54219207711182,7.69576517517203,578.734627562193,116.803124451539,13.4054932201977,14.7692307692308,47.54452683000095,22.058139017437398,1725.0922995919643,10.331506187462965,1,82.8327822731422,Red (Trap),Yellow (Vulnerable),10.85939207711182,High LPI Risk (Structural Trap)
MDA,Moldova,1999,77.8984533931353,-3.36825447657218,39.2559806891747,399.499818596336,117.527935193889,15.6496891132077,27.5598206165522,55.64719204924289,18.3392027541217,3239.048811377353,10.407203707949995,1,77.8984533931353,Yellow (Vulnerable),Yellow (Vulnerable),7.685454476572179,High LPI Risk (Structural Trap)
MDA,Moldova,2000,73.0188685605433,2.10771608200733,31.2993015817784,440.538683980372,126.163100130478,12.0802796104173,23.2431570797468,49.469949325937144,20.4851055712968,2932.4287540005243,8.512210535781673,1,73.0188685605433,Yellow (Vulnerable),Yellow (Vulnerable),2.2094839179926695,Moderate LPI Risk (Vulnerable)
MDA,Moldova,2001,60.7746432557048,6.10000039929173,9.76466285757643,507.404076252819,124.500739599353,12.763277759399,17.7637149605597,40.3982899368859,8.8203475514091,2211.5956506217744,11.358746147785554,1,60.7746432557048,Yellow (Vulnerable),Yellow (Vulnerable),-1.7828003992917303,Stable Labor Market
MDA,Moldova,2002,59.5592506390136,7.79999965773833,5.30124390261588,570.799866188293,129.839525501535,13.6836236163034,8.5876244967154,34.169161385559896,27.134147058858495,1115.013089838886,13.46689918632943,0,0.0,Yellow (Vulnerable),Yellow (Vulnerable),-3.4827996577383304,Stable Labor Market
MDA,Moldova,2003,52.5337629892465,6.59999995777716,11.7460792058232,682.319095965299,140.056529925052,14.2813883606869,7.85570979286411,31.296548742788012,23.354471752708996,1100.2434536867963,13.53346026451168,0,0.0,Yellow (Vulnerable),Yellow (Vulnerable),-2.2827999577771605,Stable Labor Market
MDA,Moldova,2004,51.9542957042957,7.39999973358189,12.5242768428228,897.178494749468,132.69906968032,22.2441494709056,8.24503558585956,33.8787328897826,28.714729917284703,1094.1085517246959,12.867901490699102,0,0.0,Yellow (Vulnerable),Green (Sustainable),-3.08279973358189,Stable Labor Market
MDA,Moldova,2005,32.4251035801551,7.5000001493726,11.9591837222126,1034.39197746993,143.023568469138,26.9205541502462,3.77960219787282,24.588046550929693,13.982587449072202,540.5721937335678,5.445658093651677,0,0.0,Green (Sustainable),Green (Sustainable),-3.1828001493726,Stable Labor Market
MDA,Moldova,2006,29.1792912365375,4.79999983670831,12.777755783035,1183.02481442894,137.154763819994,29.5746666710747,2.79003762579906,23.51954643104019,1.5470648001879006,382.6669516153669,4.35086181335293,0,0.0,Green (Sustainable),Green (Sustainable),-0.4827998367083106,Stable Labor Market
MDA,Moldova,2007,23.239565787011,3.00000022585525,12.3671668414301,1531.21618590748,142.720539023021,39.6307300108626,3.16524357011238,24.543210987671806,1.307004527649898,451.7452684655902,3.560232739694445,0,0.0,Green (Sustainable),Green (Sustainable),1.3171997741447496,Moderate LPI Risk (Vulnerable)
MDA,Moldova,2008,18.4425161310829,7.80000014541523,12.783047261882,2110.55305353857,134.4216013477,44.9034124114454,3.18598449393356,24.31055995257818,-1.3241578031705998,428.26513754349077,3.584545562738386,0,0.0,Green (Sustainable),Green (Sustainable),-3.48280014541523,Stable Labor Market
MDA,Moldova,2009,27.6322264363496,-6.00000026352828,-0.0627185967109436,1898.43975710988,110.363326850495,39.8443359380022,3.99743152326005,26.44075865021709,7.285087090871102,441.16984176402104,3.307135679550811,0,0.0,Green (Sustainable),Green (Sustainable),10.31720026352828,Moderate LPI Risk (Vulnerable)
MDA,Moldova,2010,21.9325612593611,7.10000010705836,7.48385086350851,2436.79935102421,87.9378518951573,36.3551689883272,2.22103247996366,22.17816636890018,2.0146091006165,195.31282527737824,0.8966964604711339,0,0.0,Green (Sustainable),Green (Sustainable),-2.7828001070583603,Stable Labor Market
MDA,Moldova,2011,19.7666739342535,5.81816614684824,7.68725103356181,2941.36224066021,98.6175965326556,37.6720491660886,2.4663685478436,21.885277301764063,-1.2993331323993011,243.22733835207183,1.4496440991849273,0,0.0,Green (Sustainable),Green (Sustainable),-1.5009661468482403,Stable Labor Market
MDA,Moldova,2012,20.3471393454785,-0.589733954762579,4.54633427355302,3044.8084324815,96.3064098336294,47.2735860175263,2.29328910102654,24.949003292639333,-2.966443972312902,220.85844003045753,5.12773318399488,0,0.0,Green (Sustainable),Green (Sustainable),4.906933954762579,Moderate LPI Risk (Vulnerable)
MDA,Moldova,2013,19.9179521587446,9.0438656074181,4.59787897363136,3321.04397795719,95.6872968332383,45.4642129520283,1.52995145525529,23.71313833069523,-12.329494448985297,146.39691903945786,5.435174608348754,0,0.0,Green (Sustainable),Green (Sustainable),-4.7266656074181,Stable Labor Market
MDA,Moldova,2014,21.0660070666528,4.99962585407656,5.08878554625869,3289.95758568777,94.2282919690928,36.8591289307132,1.53733851840884,21.458800679780843,-8.6014892737787,144.8607827679607,4.566963185031987,0,0.0,Green (Sustainable),Green (Sustainable),-0.68242585407656,Stable Labor Market
MDA,Moldova,2015,23.3135833177914,-0.338235622387202,9.67624033101867,2749.55137054338,88.9664154565323,28.8248424830368,2.59664300576423,20.661631927770387,-4.197194852802699,231.01402044311928,3.4951943921139037,0,0.0,Green (Sustainable),Green (Sustainable),4.655435622387202,Moderate LPI Risk (Vulnerable)
MDA,Moldova,2016,32.2474466077299,4.64601436259409,6.35930898037931,2847.08794770479,89.0046837188671,35.4765241499819,4.14266983120612,27.25861813241972,6.7964346996256,368.71701807819323,3.4432893936637043,0,0.0,Green (Sustainable),Green (Sustainable),-0.32881436259409025,Stable Labor Market
MDA,Moldova,2017,29.6674963404315,4.17561205106279,6.57022997455597,3453.26727720294,88.6233902754378,40.2312797550399,3.8978595113632,27.581307468706243,-4.288078875347697,345.44152471436814,3.420517766473868,0,0.0,Green (Sustainable),Green (Sustainable),0.14158794893721005,Stable Labor Market
MDA,Moldova,2018,27.5107781705941,4.07559546585034,3.04505397337071,4156.44981956646,87.4467874275648,41.1105192282937,2.80211983866583,26.152335557549605,-4.608000889411201,245.036377878373,4.020841293934286,0,0.0,Green (Sustainable),Green (Sustainable),0.24160453414965932,Stable Labor Market
MDA,Moldova,2019,25.4510119081043,3.5523140853476,4.83778351428734,4405.33418162155,87.6322371148906,41.8481850835131,2.76461159504898,25.598700801754497,-9.0350204917819,242.2690988279081,3.808175801754935,0,0.0,Green (Sustainable),Green (Sustainable),0.7648859146523996,Stable Labor Market
MDA,Moldova,2020,33.9555752157792,-8.27597831976949,3.76597122245351,4375.7788930524,79.265722119158,47.6019385247358,2.9025169968376,30.923540280310604,-0.30622818016180275,230.07010571746218,,0,0.0,Green (Sustainable),Green (Sustainable),12.593178319769489,Moderate LPI Risk (Vulnerable)
MDA,Moldova,2021,32.1187790600053,13.9299997889786,5.10641129002841,5274.60582195352,88.4708865399267,43.0316046101034,2.64945699607183,28.613120611469913,,234.3998092918859,,0,0.0,Green (Sustainable),Green (Sustainable),-9.6127997889786,Stable Labor Market
MDA,Moldova,2022,34.4860323998862,-4.6000000255323,28.7372976766235,5744.29618434435,112.117671579766,45.8795086384143,3.11978149500439,31.693763447328458,,349.7826370575336,,0,0.0,Green (Sustainable),Green (Sustainable),8.9172000255323,Moderate LPI Risk (Vulnerable)
MDA,Moldova,2023,34.261803395941,1.2000000493378,13.4170104381299,6799.58594644576,93.9946211488052,51.1420167690404,5.61592322277894,34.28138522978803,,527.8665757258835,,0,0.0,Green (Sustainable),,3.1171999506622,Moderate LPI Risk (Vulnerable)
MNG,Mongolia,1995,37.0712826765271,6.3764268864666,0.0435161009571923,652.67456284915,82.1036587592106,29.6814706597786,1.63704566975016,25.52117330682109,-34.5040513686782,134.40743904241052,18.499585656771313,0,0.0,Green (Sustainable),Yellow (Vulnerable),-2.0592268864666003,Stable Labor Market
MNG,Mongolia,1996,49.4796320305737,2.23509384338665,46.8899521531102,595.5810149554,77.9740756901741,30.1434685189034,3.16567261487939,33.48114848359394,-34.434865666092705,246.84039608291693,14.963570203696149,0,0.0,Yellow (Vulnerable),Yellow (Vulnerable),2.08210615661335,Moderate LPI Risk (Vulnerable)
MNG,Mongolia,1997,54.6275786922475,3.89671358377919,36.5561148948773,515.298004947316,99.9914490021753,33.0520582903145,10.9377733538443,41.05487394919792,-23.7907490164825,1093.6838065082743,11.09532088907911,0,0.0,Yellow (Vulnerable),Yellow (Vulnerable),0.42048641622080973,Stable Labor Market
MNG,Mongolia,1998,71.5753340452053,3.33993659935817,9.35704217716548,483.878066074871,107.351210779428,14.1947720040052,6.17922768008823,37.817793832102524,2.4755359513473962,663.3475731392275,7.28105764022119,1,71.5753340452053,Yellow (Vulnerable),Red (Trap),0.9772634006418297,Stable Labor Market
MNG,Mongolia,1999,83.9144976966664,3.07036901086266,7.56494150307377,448.660368337533,112.241338547745,13.9554664815133,8.50225114523327,44.152247267149,17.949182965720098,954.3040492100802,9.378380785089227,1,83.9144976966664,Red (Trap),Yellow (Vulnerable),1.2468309891373397,Moderate LPI Risk (Vulnerable)
MNG,Mongolia,2000,78.41832770873,1.14606213709108,11.5955387593327,476.02755082717,121.886609754208,21.0502604569727,5.99943274012902,42.74613914665593,17.574287979643707,731.2505171427246,6.831628777548142,1,78.41832770873,Yellow (Vulnerable),Yellow (Vulnerable),3.1711378629089197,High LPI Risk (Structural Trap)
MNG,Mongolia,2001,69.0997980938579,2.95271054338117,6.27736020484006,524.453483552485,115.81832687888,21.8281487677376,4.53119275405835,38.077337405096586,-4.8369854250396,524.7951635407425,4.760574167082624,1,69.0997980938579,Yellow (Vulnerable),Yellow (Vulnerable),1.3644894566188297,Moderate LPI Risk (Vulnerable)
MNG,Mongolia,2018,65.9653147309463,7.74488062024881,6.82424790145522,4107.64288528468,126.355873241513,11.2276379251802,10.9362606314628,37.5387943963142,-1.605699598698095,1381.8607620852624,11.597953544003335,1,65.9653147309463,Yellow (Vulnerable),Yellow (Vulnerable),-3.42768062024881,Stable Labor Market
MNG,Mongolia,2019,60.8440397290863,5.60224422064255,7.30106953550729,4347.54610314873,124.396514621165,13.1013054821677,6.89069797008716,33.49794198559089,17.4993205498702,857.1788107859794,,1,60.8440397290863,Yellow (Vulnerable),Yellow (Vulnerable),-1.2850442206425505,Stable Labor Market
MNG,Mongolia,2020,73.9367835188975,-4.55775197583431,3.7237230614026,4001.25193077703,112.838647629317,13.927791197072,8.68690332936019,40.07197029026099,,980.2184237716151,,1,73.9367835188975,Yellow (Vulnerable),Yellow (Vulnerable),8.87495197583431,High LPI Risk (Structural Trap)
MNG,Mongolia,2021,67.5710143296444,1.63676957736662,7.35894657888155,4517.61578018785,119.098078437771,12.5280221521305,6.16819515529818,35.580509769578796,,734.6201904251817,,1,67.5710143296444,Yellow (Vulnerable),Yellow (Vulnerable),2.6804304226333797,Moderate LPI Risk (Vulnerable)
MNG,Mongolia,2024,43.3447191792161,5.12204539122661,6.20713301510303,6750.6301157724,138.448379141249,14.4882675141026,4.25984217771918,25.13143442103654,,589.7682449027488,,0,0.0,Yellow (Vulnerable),,-0.8048453912266105,Stable Labor Market
MAR,Morocco,1995,68.3949152787535,-5.40544787197402,6.12358164775523,1466.78820800781,51.7150253841236,16.2855006507669,23.2293783726961,47.955356214670275,12.949934549888198,1201.3078922013906,7.989898845648056,1,68.3949152787535,Yellow (Vulnerable),Yellow (Vulnerable),9.722647871974019,High LPI Risk (Structural Trap)
MAR,Morocco,1997,64.4624151446094,-1.56070234550782,1.03819895051614,1426.30114746094,51.1501546486104,17.8588503539081,20.239960168555,44.75929152472038,15.987336524600195,1035.277092703303,5.771461772548638,1,64.4624151446094,Yellow (Vulnerable),Yellow (Vulnerable),5.877902345507819,High LPI Risk (Structural Trap)
MAR,Morocco,1998,55.0124708324473,7.23855267691987,2.75311330764477,1668.49755859375,45.6723595943991,19.5978320120755,19.1609612645315,40.86410752207145,1.3461742638099992,875.1263130480347,3.2047713869506524,0,0.0,Yellow (Vulnerable),Yellow (Vulnerable),-2.92135267691987,Stable Labor Market
MAR,Morocco,1999,55.4449807288653,1.6970614772566,0.684782608695643,1635.65673828125,48.578876486646,25.5412710898793,18.0841731390547,42.16643823064373,5.870370667891002,878.5088132852595,3.770250673369624,0,0.0,Yellow (Vulnerable),Yellow (Vulnerable),2.6201385227433995,Moderate LPI Risk (Vulnerable)
MAR,Morocco,2002,48.4750786200092,3.73019737485745,2.79561966936936,1596.02062988281,54.31012791421,57.1942536380489,15.9421055845072,48.1477715129334,2.171540542985298,865.8177935164276,4.546502908993417,0,0.0,Yellow (Vulnerable),Yellow (Vulnerable),0.5870026251425497,Stable Labor Market
MAR,Morocco,2005,53.6662965686373,3.19224973015831,0.982641660015951,2242.98828125,61.4938276863235,101.221382258645,12.5792575356675,62.06747544291002,12.381165100306603,773.5466953202236,4.88720728509968,0,0.0,Yellow (Vulnerable),Yellow (Vulnerable),1.1249502698416896,Moderate LPI Risk (Vulnerable)
MAR,Morocco,2006,49.5746100609743,7.7908200104027,3.28476166954811,2438.12646484375,64.6721977787154,115.175922516079,11.7547581822636,64.42131243336746,5.948866582735398,760.2060460043247,3.2035343562585075,0,0.0,Yellow (Vulnerable),Yellow (Vulnerable),-3.4736200104027004,Stable Labor Market
MAR,Morocco,2007,46.3035380770239,3.44106776690418,2.04208512673344,2755.5859375,71.3496467796657,118.842275088955,10.4316707119344,63.37262078803788,-0.7947275969399001,744.2960206183033,3.756239314930096,0,0.0,Yellow (Vulnerable),Yellow (Vulnerable),0.8761322330958197,Stable Labor Market
MAR,Morocco,2008,41.2851314683307,5.68453936284732,3.71484311494064,3183.20043945313,77.8344716425602,107.861032429655,8.13567385119467,56.4388740269371,-9.941190102126207,633.2358756639301,,0,0.0,Yellow (Vulnerable),Yellow (Vulnerable),-1.3673393628473205,Stable Labor Market
MAR,Morocco,2009,43.6257434782389,3.74576940136258,0.971862998667636,3119.58862304688,62.3709560152269,95.0953027848138,8.14767661154026,53.219118111580386,,508.1783795646706,,0,0.0,Yellow (Vulnerable),Yellow (Vulnerable),0.5714305986374195,Stable Labor Market
MAR,Morocco,2010,47.0982656739638,3.49955709403216,0.993557401226392,3067.9853515625,69.541979610144,86.6955009988501,8.34926887421196,52.07740595710038,,580.624685810058,,0,0.0,Yellow (Vulnerable),Yellow (Vulnerable),0.8176429059678396,Stable Labor Market
MAR,Morocco,2011,51.2263215704569,5.52464523319847,0.9069249096918,3301.98876953125,76.8258714906247,67.1875150880497,8.17501572577525,47.416184407762714,,628.0527075822454,,0,0.0,Yellow (Vulnerable),,-1.2074452331984702,Stable Labor Market
MOZ,Mozambique,2016,92.2424455674773,4.69699024225795,17.4180418197597,441.489734819071,110.394358201481,4.71570646184643,9.18024314560516,45.3934770016315,13.364104062562305,1013.4470501926268,10.040073930969957,1,92.2424455674773,Red (Trap),Yellow (Vulnerable),-0.37979024225795044,Stable Labor Market
MOZ,Mozambique,2017,78.504609250696,2.63820737310658,15.1132073899384,470.93856305196,105.745640702087,7.18728867176432,8.30413230682143,39.96936336476595,-22.886322472741,878.1257912597318,9.516185781678704,1,78.504609250696,Yellow (Vulnerable),Red (Trap),1.6789926268934199,Moderate LPI Risk (Vulnerable)
MOZ,Mozambique,2018,81.3537163201553,3.48493202422782,3.91133439990729,517.507260258101,124.607457525372,6.10974752335492,12.0509626586231,42.73832429427269,-2.803250142036106,1501.639817624222,9.858742484496373,1,81.3537163201553,Red (Trap),Yellow (Vulnerable),0.8322679757721798,Stable Labor Market
MOZ,Mozambique,2019,78.878341504915,2.31781394821475,2.80270307928111,519.09255091362,105.591171401921,7.00398240753184,10.3209436363995,40.87364120986025,2.2432805512415968,1089.8005285406255,11.22089365117608,1,78.878341504915,Yellow (Vulnerable),Red (Trap),1.9993860517852498,Moderate LPI Risk (Vulnerable)
MOZ,Mozambique,2020,101.390931723437,-1.21952250011192,3.48393567493204,462.433876479921,99.906146051979,6.75971794054006,10.4206386332261,50.00291230045241,28.729928777446503,1041.0858452459815,12.232909236854319,1,101.390931723437,Red (Trap),Red (Trap),5.53672250011192,High LPI Risk (Structural Trap)
MOZ,Mozambique,2021,84.1569664621914,2.37743572761507,6.40847652975692,509.907829475551,112.078964458333,5.86850349468396,9.27655323380869,42.122181572247,12.363717624859902,1039.7064801878782,,1,84.1569664621914,Red (Trap),Yellow (Vulnerable),1.9397642723849295,Moderate LPI Risk (Vulnerable)
MOZ,Mozambique,2022,76.6350609536734,4.36445074432608,10.2794018093421,578.251663751351,135.279578416991,4.43318049163302,10.3000431923249,39.421497406259036,,1393.3855007345105,,1,76.6350609536734,Yellow (Vulnerable),Yellow (Vulnerable),-0.047250744326079896,Stable Labor Market
MOZ,Mozambique,2023,72.6610029459905,5.48149036541776,7.12697482131851,622.000297682823,106.058613430022,5.35358010362425,13.1838835291546,39.824489660582756,,1398.2644067250421,,1,72.6610029459905,Yellow (Vulnerable),Yellow (Vulnerable),-1.1642903654177603,Stable Labor Market
MOZ,Mozambique,2024,71.7932488373315,2.14854964610538,4.07856834812022,656.776824637306,95.659420351194,5.50825590373699,15.1060526822745,40.63151666904313,,1445.036243380978,,1,71.7932488373315,Yellow (Vulnerable),,2.16865035389462,Moderate LPI Risk (Vulnerable)
NPL,Nepal,1995,66.1836432074826,3.46845189309603,7.62296950698163,197.843001330326,59.49051839854,26.7885226718838,12.683504049107,43.73370371895055,-0.16780022684409346,754.5482309913566,2.651635658201988,1,66.1836432074826,Yellow (Vulnerable),Yellow (Vulnerable),0.8487481069039697,Stable Labor Market
NPL,Nepal,1996,65.1978803839092,5.32828417508708,9.22046662376986,198.821907435345,58.4577686983002,26.1796451239104,12.3082797683447,42.96265551200484,1.1297705942963887,719.5145717718625,2.4622577198377327,1,65.1978803839092,Yellow (Vulnerable),Yellow (Vulnerable),-1.0110841750870803,Stable Labor Market
NPL,Nepal,1997,59.8824296913156,5.04861254517328,4.00998860523181,211.834869589153,64.0355348949959,27.7865110115436,11.5472917434313,40.63491533745237,-4.690890150155006,739.4370033791931,3.1779198952830514,0,0.0,Yellow (Vulnerable),Yellow (Vulnerable),-0.7314125451732805,Stable Labor Market
NPL,Nepal,1998,66.3514434343267,3.01638947539399,11.2444677818614,205.075246306069,56.7096012897007,29.9892803691397,10.2028607168108,43.37845087976886,7.362301846612596,578.6001632646904,2.7435427177162457,1,66.3514434343267,Yellow (Vulnerable),Yellow (Vulnerable),1.3008105246060095,Moderate LPI Risk (Vulnerable)
NPL,Nepal,1999,64.0681097896128,4.41257328041399,7.45111260957546,208.646667913743,52.5669812534353,29.3756005833999,10.4481434058899,42.26800212309229,0.1326488075106056,549.227358550618,2.2696245915808695,1,64.0681097896128,Yellow (Vulnerable),Yellow (Vulnerable),-0.09537328041399018,Stable Labor Market
NPL,Nepal,2000,64.5733198414706,6.19999998192236,2.47882020709136,223.830289183078,55.7105890041319,34.3483674376803,10.4748451591872,43.88247844216336,1.9851244616591046,583.5597935453986,2.5694531694041443,1,64.5733198414706,Yellow (Vulnerable),Yellow (Vulnerable),-1.8827999819223606,Stable Labor Market
NPL,Nepal,2001,58.9891415877141,4.79989214255407,2.6883037354563,240.795114544664,55.7999210803706,39.4037700364655,8.88107525662111,42.22317032798823,-0.42652569811220076,495.56329842829,4.721869027111184,0,0.0,Yellow (Vulnerable),Yellow (Vulnerable),-0.48269214255407,Stable Labor Market
NPL,Nepal,2002,63.9354609821022,0.120143177369414,3.02939948714892,238.89140296106,46.2307185004451,35.6954968672064,10.5021750605195,44.092312473332285,12.170837934047498,485.523098865272,6.4208704390056734,1,63.9354609821022,Yellow (Vulnerable),Yellow (Vulnerable),4.197056822630586,High LPI Risk (Structural Trap)
NPL,Nepal,2003,62.5881953798115,3.94503776051116,5.70700931874738,246.429706587633,44.2478836156195,40.0291042230546,10.1845799387553,44.82890266327705,12.901227345124802,450.64610780401773,7.8360147694551685,1,62.5881953798115,Yellow (Vulnerable),Yellow (Vulnerable),0.37216223948883975,Stable Labor Market
NPL,Nepal,2004,59.4156672858263,4.68260325152944,2.8418113124898,279.587750044428,46.1472867206087,45.4225204131189,9.20845997973658,44.52938332859035,16.437006147946,424.94544294015446,6.680151204734918,0,0.0,Yellow (Vulnerable),Yellow (Vulnerable),-0.36540325152944053,Stable Labor Market
NPL,Nepal,2005,51.7646230480547,3.47918104829496,6.83633265892877,309.024168339372,44.0629474798613,49.081074299126,7.5409732682321,41.68709921602528,7.964635798496701,332.27750906514905,6.992972561391227,0,0.0,Yellow (Vulnerable),Yellow (Vulnerable),0.8380189517050396,Stable Labor Market
NPL,Nepal,2006,49.6869680346867,3.36461478056277,6.92033580707589,340.431796437968,44.7619877569242,56.8804017500477,7.32305471512239,43.19596150058974,15.8244468026679,327.79448550159447,7.442230535335488,0,0.0,Yellow (Vulnerable),Yellow (Vulnerable),0.9525852194372297,Stable Labor Market
NPL,Nepal,2007,42.9786611378803,3.41156027980276,2.26921924439074,385.449767660642,44.5792750200254,55.7410427925804,6.03202531806603,39.11202369394215,11.201513790590802,268.90331558182174,5.3604729666635595,0,0.0,Yellow (Vulnerable),Yellow (Vulnerable),0.9056397201972395,Stable Labor Market
NPL,Nepal,2008,43.799987249558,6.10463914373472,9.9078300530648,464.817391891529,46.0362063511913,66.4894548256061,5.28281024916742,42.687982736938835,4.751424121108698,243.20054274485963,4.841791228999766,0,0.0,Yellow (Vulnerable),Green (Sustainable),-1.7874391437347201,Stable Labor Market
NPL,Nepal,2010,33.8625212320188,4.81641464694573,9.32650410745395,585.278491984574,45.9849057742707,79.2802138789552,4.61561735916517,42.29232993986711,-6.0597474102101,212.2487293512985,,0,0.0,Green (Sustainable),Green (Sustainable),-0.49921464694573014,Stable Labor Market
NPL,Nepal,2019,31.7771473472895,6.65705543110467,5.56616035243723,1203.14294706401,49.2495265874454,133.723910065145,2.31696895226968,57.18960339018105,,114.10962401709112,,0,0.0,Green (Sustainable),Green (Sustainable),-2.33985543110467,Stable Labor Market
NPL,Nepal,2020,39.0485631284493,-2.3696206292072,5.05635826238499,1154.21517578318,40.9188741243442,145.055330795772,3.3290613517589,64.37277748204161,,136.22144240484158,,0,0.0,Green (Sustainable),Green (Sustainable),6.686820629207199,Moderate LPI Risk (Vulnerable)
NPL,Nepal,2021,39.9222686422289,4.838149614115,4.12676744440695,1252.75076731986,43.0538047919129,109.272984641301,3.85657960803328,53.62133769181425,,166.04042560873683,,0,0.0,Green (Sustainable),,-0.5209496141150005,Stable Labor Market
PNG,Papua New Guinea,1995,53.6620013882835,-3.31244877829666,17.280932681459,998.229967376131,104.739980951459,10.6437838630932,18.745413585858,37.75956481716776,-12.688144698138103,1963.3942619099878,5.4143166001701895,0,0.0,Yellow (Vulnerable),Yellow (Vulnerable),7.6296487782966596,Moderate LPI Risk (Vulnerable)
PNG,Papua New Guinea,1996,55.6433690965017,7.73369579796399,11.6241782908448,1071.04185150251,107.803352613066,24.2149116611788,14.2307232855521,39.78716524131965,-7.893931825543596,1534.119680291342,4.3661900765458705,0,0.0,Yellow (Vulnerable),Yellow (Vulnerable),-3.4164957979639903,Stable Labor Market
PNG,Papua New Guinea,1997,62.4046556302616,-3.90438965639359,3.96437805228409,989.721550965343,99.2079750268377,14.7115823500119,14.0042276193004,39.05522077577016,4.663124374483999,1389.331063925705,4.033784869734394,1,62.4046556302616,Yellow (Vulnerable),Yellow (Vulnerable),8.22158965639359,High LPI Risk (Structural Trap)
PNG,Papua New Guinea,1998,66.3501460864216,-3.76911321783457,13.5741917656809,733.479860137662,102.860932133887,7.78032107576546,16.8630789682006,40.64027583319492,-1.9174106404908997,1734.5520213164593,4.734452456197939,1,66.3501460864216,Yellow (Vulnerable),Yellow (Vulnerable),8.086313217834569,High LPI Risk (Structural Trap)
PNG,Papua New Guinea,1999,63.5373009220453,1.85555399408817,14.9321817407701,649.994719718763,116.006802066106,8.40827291135749,15.4572724444385,38.85640317676402,-6.1971592040753976,1793.1487449438516,,1,63.5373009220453,Yellow (Vulnerable),Yellow (Vulnerable),2.4616460059118297,Moderate LPI Risk (Vulnerable)
PNG,Papua New Guinea,2000,57.7415312557776,-2.49484199260023,15.5958933107535,635.957919047725,115.421837958873,13.0816133485297,14.6972756052552,37.5394340518957,,1696.3865633466628,,0,0.0,Yellow (Vulnerable),Yellow (Vulnerable),6.81204199260023,Moderate LPI Risk (Vulnerable)
PNG,Papua New Guinea,2001,68.2675567269125,-0.121288605564772,9.29817332783968,537.847459634131,117.580367053663,21.4938239789229,14.7976184262315,44.30425398065556,,1739.9094060763466,,1,68.2675567269125,Yellow (Vulnerable),Yellow (Vulnerable),4.438488605564772,High LPI Risk (Structural Trap)
PNG,Papua New Guinea,2002,69.7344601261207,-0.158900533082658,11.7994470972606,506.331789534482,118.919110291279,18.4788597993757,19.9049526844997,47.29432803443939,,2367.07926363071,,1,69.7344601261207,Yellow (Vulnerable),,4.476100533082658,High LPI Risk (Structural Trap)
PER,Peru,2006,32.539457544846,7.5288990440594,2.00225801248819,3129.55996496982,51.7850560338442,59.5374925006572,9.46678496474031,38.276818871159875,6.1385916702448,490.2379898594307,3.3261611870617953,0,0.0,Green (Sustainable),Green (Sustainable),-3.2116990440594,Stable Labor Market
PER,Peru,2007,28.5288183913942,8.5183877690955,1.77998644680372,3581.0893081917,55.6881132836815,86.1875113414646,8.74126395624526,44.67587532923605,4.8470270510355995,486.784497437948,2.983051261991246,0,0.0,Green (Sustainable),Green (Sustainable),-4.201187769095501,Stable Labor Market
PER,Peru,2008,26.0763223472509,9.1265683014642,5.78587598206755,4197.58444634142,58.4337673899053,89.9812588999722,7.6336637713675,44.33984334375232,5.3561057756061,446.0637331488357,3.192388821679963,0,0.0,Green (Sustainable),Green (Sustainable),-4.8093683014642,Stable Labor Market
PER,Peru,2009,26.4008658746012,1.0958236592427,2.936231535967,4181.18755462253,48.1119296153519,88.861168425587,6.99992309237186,43.59946962337993,7.1842064167055,336.77980713307136,3.3195620384067386,0,0.0,Green (Sustainable),Green (Sustainable),3.2213763407573,Moderate LPI Risk (Vulnerable)
PER,Peru,2010,23.6817913403586,8.33245910749577,1.52832059732901,5072.11494019615,51.6728089370033,104.889048873868,5.82818970708449,46.8049454988403,5.2873709568103,301.1589331827861,2.0589060050320067,0,0.0,Green (Sustainable),Green (Sustainable),-4.015259107495771,Stable Labor Market
PER,Peru,2011,20.7202165716448,6.32719240161117,3.36931095333853,5861.35793645245,55.9882802838607,108.666597038112,5.44981483029234,46.6393669131352,1.154826976861301,305.1257602135483,1.7316398824911319,0,0.0,Green (Sustainable),Green (Sustainable),-2.0099924016111705,Stable Labor Market
PER,Peru,2012,19.2166594578957,6.13972470560435,3.61121294940163,6519.37852981527,52.6198952632294,104.099597607514,4.94806834779744,44.26372785847033,-3.6488950112116996,260.36683821640185,2.372667937385827,0,0.0,Green (Sustainable),Green (Sustainable),-1.8225247056043505,Stable Labor Market
PER,Peru,2013,18.3944203835483,5.85251821084928,2.76789666082002,6746.80025696601,49.7871424471444,103.490689965387,5.04508359515532,43.76595680803836,-5.3118360472156,251.18029560974927,2.7403333002739183,0,0.0,Green (Sustainable),Green (Sustainable),-1.5353182108492804,Stable Labor Market
PER,Peru,2014,19.5653895947835,2.38215737180541,3.41194579807465,6667.13410360861,46.8531210912899,92.0808439954729,4.81621730458645,40.48195357003311,-5.182949913551699,225.6548125737548,2.3609431974213466,0,0.0,Green (Sustainable),Green (Sustainable),1.9350426281945898,Moderate LPI Risk (Vulnerable)
PER,Peru,2015,22.8655544691074,3.25224477218451,3.39809194746308,6231.71150338894,45.1627686891148,90.8078314143264,5.10636517738789,41.59734892209447,-2.8634464849814982,230.61758934851994,1.4789552479392813,0,0.0,Green (Sustainable),Green (Sustainable),1.06495522781549,Moderate LPI Risk (Vulnerable)
PER,Peru,2016,23.7062564307639,3.95331871520767,3.55717663556279,6217.03599995447,45.3888411964154,87.9603924113683,5.74268048284405,41.44251181019591,-2.8203486029375995,260.6536124775627,4.416079182433473,0,0.0,Green (Sustainable),Green (Sustainable),0.36388128479232984,Stable Labor Market
PER,Peru,2017,24.7483395083352,2.51883544233135,2.99490045809443,6736.16693725487,47.5135503619971,93.4977737099186,6.21033963699797,43.906434155161236,-10.016575531122697,295.07528510760983,5.156701401120495,0,0.0,Green (Sustainable),Green (Sustainable),1.7983645576686498,Moderate LPI Risk (Vulnerable)
PER,Peru,2018,25.7290009540889,3.969351341365,1.50915423024742,6978.49121548627,48.631470171736,87.7731203519341,6.46065598349954,42.58110977450382,-9.520225614628902,314.1911987514056,,0,0.0,Green (Sustainable),Green (Sustainable),0.3478486586349998,Stable Labor Market
PER,Peru,2019,26.5266050337015,2.24063176875049,2.25212191358027,7037.00803692604,46.9435053754409,105.397019539887,6.42592315174633,48.52852285153608,,301.655358016174,,0,0.0,Green (Sustainable),Green (Sustainable),2.0765682312495097,Moderate LPI Risk (Vulnerable)
PER,Peru,2020,34.7649150394579,-10.9333065010382,2.00241205759292,6133.32552410183,44.245967197744,100.150380965382,8.16445422102078,51.292596367009665,,361.24417365076795,,0,0.0,Green (Sustainable),Green (Sustainable),15.250506501038199,Moderate LPI Risk (Vulnerable)
PER,Peru,2021,35.2492265687178,13.3626240903125,4.27166381536798,6826.20255614477,55.427249365522,88.3263250279221,6.55420064621815,46.779504116142775,,363.28131360959884,,0,0.0,Green (Sustainable),,-9.045424090312501,Stable Labor Market
PHL,Philippines,1995,53.471178145145,4.62522511739661,6.83199610989534,1199.84171414993,57.3305579762779,19.7629276354968,21.4716112426158,41.925321635973006,-4.809404768894204,1230.9794531888856,4.550422461614579,0,0.0,Yellow (Vulnerable),Yellow (Vulnerable),-0.3080251173966104,Stable Labor Market
PHL,Philippines,1996,46.5576634189528,5.8603478716379,7.4761037778791,1311.09249403865,63.8553035508774,26.7668561504292,18.9041698267492,39.74402956960235,-6.2772262959635015,1207.1315026644077,5.460455413251343,0,0.0,Yellow (Vulnerable),Yellow (Vulnerable),-1.5431478716379,Stable Labor Market
PHL,Philippines,1997,48.6978483259554,5.18641167406165,5.59025939650601,1273.27604875636,77.2286459172662,17.2490696295984,16.8616935004271,36.20007423404717,-9.9005847914556,1302.2057569099536,4.605617636392732,0,0.0,Yellow (Vulnerable),Yellow (Vulnerable),-0.86921167406165,Stable Labor Market
PHL,Philippines,1998,58.2805829140392,-0.514090599541888,9.23493432267121,982.865943728564,80.077201518421,20.2231312149203,21.6563439945486,44.23058798356739,-0.9809126642663983,1734.1794222037147,4.215296197597448,0,0.0,Yellow (Vulnerable),Yellow (Vulnerable),4.831290599541887,Moderate LPI Risk (Vulnerable)
PHL,Philippines,1999,52.8348897149163,3.34645118398267,5.93904901780808,1101.43515975318,77.1614937122172,25.7738091302722,22.4089694909966,44.14752113434918,-11.880184838374703,1729.109558476801,6.9123940585226835,0,0.0,Yellow (Vulnerable),Yellow (Vulnerable),0.9707488160173297,Stable Labor Market
PHL,Philippines,2000,58.598433117411,4.38250500083399,3.9771250324928,1050.79273107952,85.1533684600039,25.793467077419,31.4399631189203,52.17707641424589,-12.517375986219697,2677.218763834354,6.223892862017655,0,0.0,Yellow (Vulnerable),Yellow (Vulnerable),-0.06530500083399016,Stable Labor Market
PHL,Philippines,2001,59.2614955783056,3.04923134463486,5.34550195567142,969.530611744453,84.9003886237531,26.8597866912287,34.8428162660331,55.01068053487417,-12.339229624919597,2958.1686417322358,5.0874260339849116,0,0.0,Yellow (Vulnerable),Yellow (Vulnerable),1.2679686553651397,Moderate LPI Risk (Vulnerable)
PHL,Philippines,2002,64.715074553291,3.71625500158383,2.72277227722765,1014.90879320106,83.8448040937789,27.1794876595094,34.5902379508106,57.05850985768025,-0.9946685700255955,2900.211724542911,5.253413357086988,1,64.715074553291,Yellow (Vulnerable),Yellow (Vulnerable),0.6009449984161699,Stable Labor Market
PHL,Philippines,2003,71.1158091036307,5.08691113513073,2.28915662650607,1027.2301192843,87.5746443636636,27.2308890226373,37.6828983248929,61.624531380709165,12.317935111529096,3300.0664193945904,8.551110423524939,1,71.1158091036307,Yellow (Vulnerable),Yellow (Vulnerable),-0.7697111351307306,Stable Labor Market
PHL,Philippines,2004,71.6007252032252,6.56922851180626,4.82921083627795,1099.63013023758,87.1252848232048,26.5599574955484,39.2724656896625,62.719999885306315,20.025833575237698,3421.6247589213835,8.615007323824734,1,71.6007252032252,Yellow (Vulnerable),Yellow (Vulnerable),-2.2520285118062606,Stable Labor Market
PHL,Philippines,2005,65.7097431233166,4.94250511877678,6.51685393258433,1220.46018559867,83.8456745708051,31.4893575289313,38.6917606669936,61.600146931484076,13.2774721908512,3244.1367734562223,6.066400848510179,1,65.7097431233166,Yellow (Vulnerable),Yellow (Vulnerable),-0.6253051187767804,Stable Labor Market
PHL,Philippines,2006,58.7978739921016,5.31641682136939,5.4852320675105,1426.14649179546,80.8505386728775,39.8766225397362,33.1439824981188,57.89313445114536,6.3971808576851,2679.7088387373296,3.3225181492510103,0,0.0,Yellow (Vulnerable),Yellow (Vulnerable),-0.9992168213693899,Stable Labor Market
PHL,Philippines,2007,51.5748916279875,6.51929155018938,2.90000000000003,1712.65543282793,73.6449799920629,57.0282909358082,26.4731686407564,56.07690166972496,1.3786501514936944,1949.615974875012,1.5628948179666637,0,0.0,Yellow (Vulnerable),Yellow (Vulnerable),-2.2020915501893805,Stable Labor Market
PHL,Philippines,2008,52.4322709324654,4.34448730509183,8.26044703595725,1959.29233534978,67.6810707730401,64.3674051990796,24.1180668711358,57.4674610833982,3.626422807008197,1632.336590814256,1.736565481474505,0,0.0,Yellow (Vulnerable),Yellow (Vulnerable),-0.027287305091830305,Stable Labor Market
PHL,Philippines,2009,52.4006931344165,1.44832306275669,4.21903052064628,1864.45043406471,60.8865907869758,78.9815950764492,25.722314576468,62.98092004597646,3.243237927711597,1566.14404171127,1.9390383082147207,0,0.0,Yellow (Vulnerable),Yellow (Vulnerable),2.86887693724331,Moderate LPI Risk (Vulnerable)
PHL,Philippines,2010,50.1962414764938,7.33449996034538,3.78983634797591,2162.91375885614,66.1042785137797,95.3818566120814,25.0699734014151,66.882920662058,3.0520596188585998,1657.232504060193,2.6523962693651257,0,0.0,Yellow (Vulnerable),Yellow (Vulnerable),-3.0172999603453805,Stable Labor Market
PHL,Philippines,2011,48.8058481254572,3.85823282795663,4.7184170471842,2383.91892522087,60.7958366999075,114.224722339527,20.8155879691948,69.64631076692382,5.379509183995204,1265.5010869877262,,0,0.0,Yellow (Vulnerable),Yellow (Vulnerable),0.4589671720433697,Stable Labor Market
PHL,Philippines,2012,49.1574552067049,6.89695171050985,3.02696391124796,2614.61644401308,57.8420055133082,123.099709617415,20.7299101792093,72.49760807317362,,1199.059578876208,,0,0.0,Yellow (Vulnerable),Yellow (Vulnerable),-2.57975171050985,Stable Labor Market
PHL,Philippines,2013,47.1441818576352,6.75053130142255,2.58268766141795,2781.27957677397,55.8247812320298,108.414688991777,18.9545920663204,65.85076098054552,,1058.135955444704,,0,0.0,Yellow (Vulnerable),Yellow (Vulnerable),-2.43333130142255,Stable Labor Market
PHL,Philippines,2014,43.426338941462,6.34798748260867,3.59782343864211,2866.83803761407,57.4681720875945,101.184242466707,16.9940824430075,60.828058666112085,,976.6188543055234,,0,0.0,Yellow (Vulnerable),,-2.0307874826086705,Stable Labor Market
RUS,Russian Federation,1999,100.744137724205,6.39991469144101,85.7464940960636,1330.75720214844,69.393281498812,6.8456414381793,16.0595832211661,56.54950849879433,59.3914208597943,1114.4271792199772,30.946506354609568,1,100.744137724205,Red (Trap),Yellow (Vulnerable),-2.0827146914410104,Stable Labor Market
RUS,Russian Federation,2000,62.1488888669576,10.0000668136515,20.7987606558704,1771.59411621094,68.0939070373555,18.8567458794383,14.2911378794714,41.107175455135476,45.4880204191593,973.1394142227554,22.00274362602878,1,62.1488888669576,Yellow (Vulnerable),Yellow (Vulnerable),-5.682866813651501,Stable Labor Market
RUS,Russian Federation,2001,48.9836153351704,5.10005122572568,21.4770072117159,2100.3525390625,61.1108586644206,25.7188096129393,9.5117642797877,34.93813188842087,39.09254247470294,581.2720825513906,19.095718164385126,0,0.0,Yellow (Vulnerable),Yellow (Vulnerable),-0.7828512257256799,Stable Labor Market
RUS,Russian Federation,2002,41.3527168644107,4.69999190914258,15.7887307914463,2377.52954101563,59.6454457319607,34.9055498254565,6.47816726225619,32.619634937752124,34.19428674782666,386.393173883466,14.564882442184809,0,0.0,Yellow (Vulnerable),Green (Sustainable),-0.38279190914258,Stable Labor Market
RUS,Russian Federation,2005,16.6608684477983,6.39996544799469,12.6853039507349,5323.455078125,56.7132484905422,72.9578588645723,3.10502377018353,32.476270965138184,10.16558100990833,176.09598464745872,4.06791297316552,0,0.0,Green (Sustainable),Green (Sustainable),-2.0827654479946904,Stable Labor Market
RUS,Russian Federation,2006,9.89107286046746,8.20006825456321,9.66865454789265,6920.19970703125,54.733401867266,97.5894160897907,2.18716794009007,36.88366459559496,1.1932065254282698,119.71114181615016,1.403734394000327,0,0.0,Green (Sustainable),Green (Sustainable),-3.88286825456321,Stable Labor Market
RUS,Russian Federation,2007,7.15843011658404,8.49997776916511,9.00729868861079,9101.2392578125,51.7061227454606,115.010744311107,1.35081942030933,40.770794130639075,-1.9396755281470197,69.84563475346614,1.1263426830750942,0,0.0,Green (Sustainable),Green (Sustainable),-4.18277776916511,Stable Labor Market
RUS,Russian Federation,2008,6.49528743788997,5.19996926404957,14.1107677840442,11635.2841796875,53.3824660408908,101.661631517098,1.10070572579332,36.28474889495735,-2.145794506415851,58.75838602817596,1.028560648834758,0,0.0,Green (Sustainable),Green (Sustainable),-0.8827692640495703,Stable Labor Market
RUS,Russian Federation,2009,8.69786633503919,-7.79999391271275,11.6473295764118,8562.82421875,48.4350610278181,108.089195665117,1.73956604162779,39.538167628311975,0.14645774163563097,84.25598738816197,0.2535525446261829,0,0.0,Green (Sustainable),Green (Sustainable),12.11719391271275,Moderate LPI Risk (Vulnerable)
RUS,Russian Federation,2010,9.09810564473106,4.49999999920672,6.84939230255025,10674.990234375,50.3555054872589,114.677654856468,1.60125512522947,41.526560210432734,0.030850004242580553,80.63201124499402,1.0840394792691996,0,0.0,Green (Sustainable),Green (Sustainable),-0.1827999992067202,Stable Labor Market
RUS,Russian Federation,2011,8.64108194430582,4.30002918567749,8.4404648593257,14305.33203125,48.0353994077919,91.3759872475585,1.520252351841,33.9236021621629,-2.5593793387512793,73.02592892131742,2.1559700512034716,0,0.0,Green (Sustainable),Green (Sustainable),0.017170814322509997,Stable Labor Market
RUS,Russian Federation,2012,8.55140859340356,4.02408615746921,5.07474300799149,15401.8515625,47.1513903857957,90.872478673186,1.76461610521385,33.752611943933495,-4.98935717854264,83.20410285800058,2.560400714844699,0,0.0,Green (Sustainable),Green (Sustainable),0.29311384253079,Stable Labor Market
RUS,Russian Federation,2013,9.06725564048848,1.75542214874298,6.75466833903486,15941.4482421875,46.287149400499,76.2426429441506,1.94491120724439,29.478140632134412,-5.17448393886632,90.02439562042595,2.8071025823450086,0,0.0,Green (Sustainable),Green (Sustainable),2.5617778512570197,Moderate LPI Risk (Vulnerable)
RUS,Russian Federation,2014,11.2004612830571,0.736267221765672,7.82016970013845,14055.47265625,47.8013412628116,69.6618630046608,2.01431112227954,28.3298501567087,-5.1249128328274,96.28677336556132,2.108351983271394,0,0.0,Green (Sustainable),Green (Sustainable),3.5809327782343274,Moderate LPI Risk (Vulnerable)
RUS,Russian Federation,2015,13.5407657719462,-1.97271922580408,15.5343959935701,9277.7138671875,49.3593493116887,74.776427702124,2.64735238015953,31.610410490389643,-2.6278132133776015,130.67159088342473,1.5575505606978122,0,0.0,Green (Sustainable),Green (Sustainable),6.28991922580408,Moderate LPI Risk (Vulnerable)
RUS,Russian Federation,2016,14.2417395793548,0.193690071260534,7.04243725413707,8663.158203125,46.5181198396096,70.4473973376853,2.57525264913469,30.139911096805704,-3.0343088585828006,119.79591134971959,3.3140567220431976,0,0.0,Green (Sustainable),Green (Sustainable),4.123509928739466,Moderate LPI Risk (Vulnerable)
RUS,Russian Federation,2017,16.3253741158845,1.82579006401834,3.68333072334495,10658.9130859375,46.8765243371311,83.3452221158102,2.50626501547285,34.92113315369768,-6.666646921083501,117.48499299311331,,0,0.0,Green (Sustainable),Green (Sustainable),2.4914099359816597,Moderate LPI Risk (Vulnerable)
RUS,Russian Federation,2018,16.1685789853238,2.80724541059601,2.87831382614981,11211.8876953125,51.5809003703964,98.0869709869488,2.36353296928589,39.43450237616146,,121.91315861088266,,0,0.0,Green (Sustainable),Green (Sustainable),1.5099545894039896,Moderate LPI Risk (Vulnerable)
RUS,Russian Federation,2019,17.2760484379376,2.19807571335009,4.47202631837903,11447.701171875,49.2287536619033,114.283061409625,2.6182235735765,45.269931903072326,,128.89188333538567,,0,0.0,Green (Sustainable),Green (Sustainable),2.11912428664991,Moderate LPI Risk (Vulnerable)
RUS,Russian Federation,2020,22.992021036968,-2.65365450102773,3.38219796948068,10108.3271484375,45.9669082029127,129.469715841732,2.36125648480462,52.21953471469554,,108.5396600805463,,0,0.0,Green (Sustainable),,6.97085450102773,Moderate LPI Risk (Vulnerable)
SLB,Solomon Islands,2011,13.9267708227713,7.43023752099302,7.34270706018,1924.05795643133,107.247515572534,160.103309366144,0.8466983756104,57.49946461458981,5.20646589804962,90.80629722351561,2.7391945268919504,0,0.0,Green (Sustainable),Green (Sustainable),-3.1130375209930206,Stable Labor Market
SLB,Solomon Islands,2012,11.5924176820868,2.46591837712438,5.91200602491155,2066.25738638356,104.823434628967,218.681024610626,0.61901218913809,75.02579850019998,4.854786515238371,64.88698374265033,2.2442376045124144,0,0.0,Green (Sustainable),Green (Sustainable),1.8512816228756197,Moderate LPI Risk (Vulnerable)
SLB,Solomon Islands,2013,10.1053266338219,5.23744704670068,5.3913638858756,2161.38627543917,99.6074605551315,255.170886976345,0.346217320902438,85.86087804475918,3.8457196811877594,34.4858281352929,1.5592942773535092,0,0.0,Green (Sustainable),Green (Sustainable),-0.9202470467006805,Stable Labor Market
SLB,Solomon Islands,2014,8.72030492472168,1.18945509547778,5.16590237925171,2164.95289873002,93.4534070100296,264.457838260241,0.324656735686632,88.23782069989248,0.31785504696942013,30.34027805867042,1.0534619720225487,0,0.0,Green (Sustainable),Green (Sustainable),3.1277449045222196,Moderate LPI Risk (Vulnerable)
SLB,Solomon Islands,2015,6.73763116684843,1.67578612030815,-0.57446928635949,2045.47721526649,88.1884859107326,250.436733369586,0.262959546032347,82.70408498101135,-0.9480391567200206,23.190004220366273,0.8570893707954756,0,0.0,Green (Sustainable),Green (Sustainable),2.6414138796918496,Moderate LPI Risk (Vulnerable)
SLB,Solomon Islands,2016,6.25960695263414,5.55494348257992,0.512485626268792,2082.62383124213,85.54984577725,194.801297935845,0.272351572539134,64.82403836227896,-1.4845971798299997,23.29963502791443,1.9280666409687734,0,0.0,Green (Sustainable),Green (Sustainable),-1.23774348257992,Stable Labor Market
SLB,Solomon Islands,2017,8.40244987775226,3.07546176144591,0.488686760261083,2143.57670489272,82.1974922027324,177.984434508136,0.310028358324732,60.354392557960374,-3.0614682559400404,25.48355356602309,3.7417856753971734,0,0.0,Green (Sustainable),Green (Sustainable),1.2417382385540896,Moderate LPI Risk (Vulnerable)
SLB,Solomon Islands,2018,7.68567032356845,2.74585244829055,3.46147484973729,2278.19908624102,88.4949614655388,194.820406462572,0.224244799419411,65.49099724401961,-8.753770647489551,19.844534883468253,,0,0.0,Green (Sustainable),Green (Sustainable),1.5713475517094495,Moderate LPI Risk (Vulnerable)
SLB,Solomon Islands,2019,7.74420413246414,1.74925244485951,1.63485544012247,2223.65890942466,82.9985659020552,187.444511569621,0.449146226405779,63.23646890183966,,37.27849267199946,,0,0.0,Green (Sustainable),Green (Sustainable),2.56794755514049,Moderate LPI Risk (Vulnerable)
SLB,Solomon Islands,2020,11.4639181336923,-3.38125925839405,2.96354992076065,2063.32780991967,60.2204365577573,204.898314366007,0.516512389334146,70.40088608943014,,31.10460157319258,,0,0.0,Green (Sustainable),Green (Sustainable),7.69845925839405,Moderate LPI Risk (Vulnerable)
SLB,Solomon Islands,2022,16.439440971058,-2.58448361755723,5.51812928576938,1877.78104490956,74.8355405329858,138.593720942502,1.23314029489619,51.83672121084304,,92.2827205215619,,0,0.0,Green (Sustainable),,6.90168361755723,Moderate LPI Risk (Vulnerable)
ZAF,South Africa,1995,44.8686189886337,3.10000000054411,8.68042421392631,3855.6340871567,39.4780337793026,17.6021640052664,21.5661897283778,37.88455026606177,0.21435721525389795,851.3907665877475,1.1263842499219938,0,0.0,Yellow (Vulnerable),Yellow (Vulnerable),1.2171999994558895,Moderate LPI Risk (Vulnerable)
ZAF,South Africa,1996,44.2298759185659,4.29999999726792,7.35411972085333,3617.55336002932,42.199251732528,8.9866196483312,20.6333875806385,34.232800104121,2.051844315830003,870.7135166101809,1.9999516435112827,0,0.0,Yellow (Vulnerable),Yellow (Vulnerable),0.017200002732079334,Stable Labor Market
ZAF,South Africa,1997,43.1755459966558,2.60000000146347,8.59777611252274,3700.23554789867,42.3013344291831,19.4467972430867,21.6647194154361,37.846590941567904,3.536487612922997,916.4465413067786,4.9303010517330605,0,0.0,Yellow (Vulnerable),Yellow (Vulnerable),1.7171999985365298,Moderate LPI Risk (Vulnerable)
ZAF,South Africa,1998,44.6542617733798,0.50000000034143,6.88054521037351,3309.60933087472,44.0357453368965,21.1728773398188,21.3891687531796,38.75333656538506,-7.996895473469202,941.8879881829208,6.31207986715407,0,0.0,Yellow (Vulnerable),Yellow (Vulnerable),3.8171999996585697,Moderate LPI Risk (Vulnerable)
ZAF,South Africa,1999,42.1780316027359,2.39999999746338,5.18148905111697,3242.36830483958,42.2582960172673,29.1474638629628,19.7827726696025,39.20133941562119,-11.5607597900039,835.9862635143677,7.459896972385164,0,0.0,Yellow (Vulnerable),Green (Sustainable),1.9172000025366196,Moderate LPI Risk (Vulnerable)
ZAF,South Africa,2000,39.6390583837328,4.20000000067826,5.33895913599828,3217.84693448467,46.2207217354077,28.8810176598741,19.0988461459636,37.6576704640646,-16.620662450261797,882.7624531799473,7.490683043665001,0,0.0,Green (Sustainable),Yellow (Vulnerable),0.11719999932173941,Stable Labor Market
ZAF,South Africa,2015,52.651157246849,1.32186223678229,4.51869094892506,6112.27382485974,56.7266761447156,35.9187018068811,10.3125852706033,39.530116564332566,-6.451154165693595,584.9986848602776,4.789389023357977,0,0.0,Yellow (Vulnerable),Yellow (Vulnerable),2.9953377632177096,Moderate LPI Risk (Vulnerable)
ZAF,South Africa,2016,53.7387913927398,0.664552307858116,6.60290842394872,5651.20585165749,55.8612575048782,32.7506619677508,11.2947755733063,39.668333440870065,-10.850486743597202,630.9403667602716,8.72669224844583,0,0.0,Yellow (Vulnerable),Yellow (Vulnerable),3.652647692141884,Moderate LPI Risk (Vulnerable)
ZAF,South Africa,2017,56.2597208339946,1.15794695181735,5.18618655524149,6618.33508255701,53.5359318293741,28.9803615189887,12.1249150566097,39.962567690797144,-19.465788247885506,649.1186259076085,8.722725869464657,0,0.0,Yellow (Vulnerable),Yellow (Vulnerable),3.1592530481826495,Moderate LPI Risk (Vulnerable)
ZAF,South Africa,2018,59.1023114125426,1.55678384721676,4.50987264867388,6914.1780318076,54.4855451276341,28.6590572828737,12.6394239710375,41.31362697142246,-14.980296597479999,688.6659051612638,7.68073572131009,0,0.0,Yellow (Vulnerable),Yellow (Vulnerable),2.7604161527832396,Moderate LPI Risk (Vulnerable)
ZAF,South Africa,2019,64.589278136337,0.25993557687633,4.10285075461156,6533.71121032856,53.8979964081406,28.8631719153704,13.2254089107369,43.95913146660982,-11.616164812400399,712.8230419670882,5.614226993541073,1,64.589278136337,Yellow (Vulnerable),Yellow (Vulnerable),4.057264423123669,High LPI Risk (Structural Trap)
ZAF,South Africa,2020,75.7255090818801,-6.1689177146757,3.23238831615113,5580.60383075189,50.7596590804177,31.3568350032757,15.53094443047,50.702069396591284,-3.7213986280358995,788.3454444875692,,1,75.7255090818801,Yellow (Vulnerable),Yellow (Vulnerable),10.4861177146757,High LPI Risk (Structural Trap)
ZAF,South Africa,2021,74.0826080100226,4.85864865060148,4.61874544887136,6828.75624590017,56.1647136277546,33.9911612107971,14.8790215344681,50.513905409469956,,835.6759835445947,,1,74.0826080100226,Yellow (Vulnerable),Yellow (Vulnerable),-0.5414486506014802,Stable Labor Market
ZAF,South Africa,2022,76.2054429487374,2.05813661692193,7.03987272546482,6534.24867783397,64.94713440234,35.2603162242319,16.0443736304887,52.615722366525986,,1042.0360905807092,,1,76.2054429487374,Yellow (Vulnerable),Yellow (Vulnerable),2.2590633830780695,Moderate LPI Risk (Vulnerable)
ZAF,South Africa,2023,79.446907709916,0.80610455095804,6.0752438457966,6034.27208964673,65.6798759740707,37.6820466410088,17.291918049204,55.45948603856043,,1135.7310328255132,,1,79.446907709916,Yellow (Vulnerable),,3.5110954490419597,High LPI Risk (Structural Trap)
SAS,South Asia,1995,49.3635520962941,7.19762953036722,8.58119855119587,370.570693920918,25.6439157995539,23.36191228269,26.327752102432,44.57666393376386,-2.4883036737678026,675.1466581062944,2.191542154705681,0,0.0,Yellow (Vulnerable),Yellow (Vulnerable),-2.8804295303672207,Stable Labor Market
SAS,South Asia,1996,47.5900259577279,7.07430603995918,8.88358307880807,400.095114023544,24.5507617422728,24.67469076511,31.7714827514547,47.76365331722979,-5.433782260666099,780.0141032296942,3.215334052358031,0,0.0,Yellow (Vulnerable),Yellow (Vulnerable),-2.7571060399591802,Stable Labor Market
SAS,South Asia,1997,51.7133623221527,4.21061775740803,6.83486964865905,415.002724170031,25.2735184456204,27.6980762774097,32.0996118716155,50.527495860523985,-4.854447964565701,811.27013273453,2.9558868208341327,0,0.0,Yellow (Vulnerable),Yellow (Vulnerable),0.10658224259197002,Stable Labor Market
SAS,South Asia,1998,51.8518557700619,5.98554453382025,9.9749164980393,413.676322288749,26.2166679182593,28.3929977309354,30.1364147887904,49.67330614953707,-6.384590810210298,790.0763787646364,3.9101667328308585,0,0.0,Yellow (Vulnerable),Yellow (Vulnerable),-1.6683445338202505,Stable Labor Market
SAS,South Asia,1999,53.023808218394,8.20855528342406,5.39920076445198,437.982047564941,27.2022491059018,31.3261563379037,30.6544094426022,51.23660938854424,-8.456894761154999,833.8688818519734,3.461660429743248,0,0.0,Yellow (Vulnerable),Yellow (Vulnerable),-3.89135528342406,Stable Labor Market
SAS,South Asia,2000,56.5678102867184,4.08685651051928,3.24412805877163,440.467918910931,29.4521345638678,34.9142368806928,32.9037058260817,55.16812426287093,-4.426499435589399,969.0843716396791,2.881656941553367,0,0.0,Yellow (Vulnerable),Yellow (Vulnerable),0.23034348948071948,Stable Labor Market
SAS,South Asia,2001,58.2364465802722,4.57324198890292,3.05154659828612,446.418919348871,28.6226894432911,42.0045512772435,27.4040879131715,54.58581756127941,-5.6924922582199,784.3786978153552,2.1982862058415695,0,0.0,Yellow (Vulnerable),Yellow (Vulnerable),-0.2560419889029202,Stable Labor Market
SAS,South Asia,2002,61.480702979549,3.77199800153592,3.75561866588351,462.898836496672,31.2058856438684,56.2332585234219,27.9740430747163,60.826321537365345,-1.6111569046198966,872.9547891862455,1.4385584290643985,1,61.480702979549,Yellow (Vulnerable),Yellow (Vulnerable),0.5452019984640799,Stable Labor Market
SAS,South Asia,2003,60.9943097223078,7.46572456545647,4.73728336485163,532.66154684429,32.0000779732296,72.678302048105,26.3694952782118,64.88508729602958,0.43801985418039635,843.8259050174875,2.2292651280458875,1,60.9943097223078,Yellow (Vulnerable),Yellow (Vulnerable),-3.14852456545647,Stable Labor Market
SAS,South Asia,2004,63.9289388384921,7.54604881614362,3.93659435875237,606.478041696258,38.1607950166866,87.3939084700169,24.1399146232521,69.31008964382977,5.651228507987703,921.1983336582387,2.9566693431686595,1,63.9289388384921,Yellow (Vulnerable),Yellow (Vulnerable),-3.2288488161436204,Stable Labor Market
SAS,South Asia,2005,63.0918598841689,7.64449221776582,6.07448185265313,686.338193475473,42.4971464403536,93.8128981766169,22.7325118045808,70.2014711550167,5.9964183820397,966.0668831163372,2.751967031471217,1,63.0918598841689,Yellow (Vulnerable),Yellow (Vulnerable),-3.3272922177658204,Stable Labor Market
SAS,South Asia,2006,60.5562898681274,7.89518422976431,6.28089227308195,769.378704313512,45.9944214475263,95.5427670544132,22.3613589412694,69.49708644223327,4.203345087400201,1028.4977672841553,3.1338214573746432,1,60.5562898681274,Yellow (Vulnerable),Yellow (Vulnerable),-3.5779842297643105,Stable Labor Market
SAS,South Asia,2007,58.2777103305044,7.53428173032866,6.583827447617,967.697911561283,46.0171112034336,117.746714659696,22.0326805468574,75.45399291716258,6.244551634147996,1013.8803108344651,2.8949519631633724,0,0.0,Yellow (Vulnerable),Yellow (Vulnerable),-3.21708173032866,Stable Labor Market
SAS,South Asia,2008,57.0954415021292,3.48063577458643,9.40488747385817,958.275511460297,52.8016359534609,98.8887279737062,24.1743022348222,70.44021275146531,4.912142115767395,1276.4427060320181,2.715645465527828,0,0.0,Yellow (Vulnerable),Yellow (Vulnerable),0.8365642254135697,Stable Labor Market
SAS,South Asia,2009,56.3529447807272,7.38981184100092,4.9768244765374,1054.43555885745,45.9241017213063,99.091225397737,25.095769957509,70.6210427048783,5.080154358086801,1152.500692303146,2.174073335460691,0,0.0,Yellow (Vulnerable),Yellow (Vulnerable),-3.0726118410009207,Stable Labor Market
SAS,South Asia,2010,52.0331586963564,8.19440351757765,7.58152977621468,1294.02734404973,48.318869674409,93.8679054140076,20.5655693100604,64.41544382038853,1.0364495949935986,993.705063272834,0.6748316907060865,0,0.0,Yellow (Vulnerable),Yellow (Vulnerable),-3.87720351757765,Stable Labor Market
SAS,South Asia,2011,52.1832993863618,5.45109403202389,9.06943441304666,1397.00682550999,54.781912294079,81.2889808408125,19.3653225072283,59.75791006235549,1.5770364214983061,1060.8693991375346,0.6107422088267999,0,0.0,Yellow (Vulnerable),Yellow (Vulnerable),-1.13389403202389,Stable Labor Market
SAS,South Asia,2012,51.2727904226404,5.64515915604163,9.46940335888463,1387.18205956625,55.002840478453,70.3011964638081,20.8265743223698,56.834955591528214,0.43048125506529544,1145.5207451659517,1.4764239688487946,0,0.0,Yellow (Vulnerable),Yellow (Vulnerable),-1.3279591560416302,Stable Labor Market
SAS,South Asia,2013,50.9967091013628,6.23326513040877,8.15339493090692,1405.8407235793,53.1281840147581,65.3521854857034,21.4326934807182,55.48161701582306,3.3238883532326042,1138.6800831755027,1.7396249889209032,0,0.0,Yellow (Vulnerable),Yellow (Vulnerable),-1.9160651304087706,Stable Labor Market
SAS,South Asia,2014,50.6062629648635,7.24547986692529,6.82864780544374,1528.49208733408,48.7343658963128,67.0929012120625,22.8110749387121,56.70704207003892,2.980493802816696,1111.6832725514066,1.9352551604246897,0,0.0,Yellow (Vulnerable),Yellow (Vulnerable),-2.9282798669252905,Stable Labor Market
SAS,South Asia,2015,50.8423091675751,7.68973935167961,4.72755869604731,1570.54142462917,42.3320491860183,69.9606161578148,22.8181031023316,57.639984092296004,4.276662009421301,965.9370628595382,,0,0.0,Yellow (Vulnerable),Yellow (Vulnerable),-3.3725393516796105,Stable Labor Market
SAS,South Asia,2016,47.6728207481302,7.96912333627881,4.45355240327605,1722.90703415144,39.7938034454886,74.3866226004135,21.3348212265987,56.8097815652584,,848.9936824359066,,0,0.0,Yellow (Vulnerable),Yellow (Vulnerable),-3.65192333627881,Stable Labor Market
SAS,South Asia,2017,47.6257691620468,6.78411966003432,4.14162852223214,1956.06707554186,40.3089858984443,74.7305458687547,21.4961957640791,56.99130841176998,,866.4898519244625,,0,0.0,Yellow (Vulnerable),Yellow (Vulnerable),-2.4669196600343204,Stable Labor Market
SAS,South Asia,2018,46.5656471581538,6.3936663253368,3.33139516437672,1988.3663331799,43.1541039748077,69.8374813526525,20.5417732305817,54.36165227311375,,886.4618178194441,,0,0.0,Yellow (Vulnerable),,-2.0764663253368,Stable Labor Market
TSA,South Asia (IDA & IBRD),1995,49.3635520962941,7.19762953036722,8.58119855119587,370.570693920918,25.6439157995539,23.36191228269,26.327752102432,44.57666393376386,-2.4883036737678026,675.1466581062944,2.1915421547057146,0,0.0,Yellow (Vulnerable),Yellow (Vulnerable),-2.8804295303672207,Stable Labor Market
TSA,South Asia (IDA & IBRD),1996,47.590025957728,7.07430603995918,8.88358307880807,400.095114023544,24.5507617422728,24.67469076511,31.7714827514547,47.76365331722983,-5.433782260666,780.0141032296942,3.2153340523580334,0,0.0,Yellow (Vulnerable),Yellow (Vulnerable),-2.7571060399591802,Stable Labor Market
TSA,South Asia (IDA & IBRD),1997,51.7133623221527,4.21061775740803,6.83486964865905,415.002724170031,25.2735184456204,27.6980762774097,32.0996118716155,50.527495860523985,-4.854447964565701,811.27013273453,2.955886820834159,0,0.0,Yellow (Vulnerable),Yellow (Vulnerable),0.10658224259197002,Stable Labor Market
TSA,South Asia (IDA & IBRD),1998,51.8518557700619,5.98554453382025,9.9749164980393,413.676322288749,26.2166679182593,28.3929977309354,30.1364147887904,49.67330614953707,-6.384590810210298,790.0763787646364,3.910166732830837,0,0.0,Yellow (Vulnerable),Yellow (Vulnerable),-1.6683445338202505,Stable Labor Market
TSA,South Asia (IDA & IBRD),1999,53.023808218394,8.20855528342406,5.39920076445198,437.982047564941,27.2022491059018,31.3261563379037,30.6544094426022,51.23660938854424,-8.4568947611549,833.8688818519734,3.461660429743231,0,0.0,Yellow (Vulnerable),Yellow (Vulnerable),-3.89135528342406,Stable Labor Market
TSA,South Asia (IDA & IBRD),2000,56.5678102867184,4.08685651051928,3.24412805877163,440.467918910931,29.4521345638678,34.9142368806928,32.9037058260817,55.16812426287093,-4.426499435589399,969.0843716396791,2.881656941553361,0,0.0,Yellow (Vulnerable),Yellow (Vulnerable),0.23034348948071948,Stable Labor Market
TSA,South Asia (IDA & IBRD),2001,58.2364465802722,4.57324198890292,3.05154659828612,446.418919348871,28.6226894432911,42.0045512772435,27.4040879131715,54.58581756127941,-5.6924922582199,784.3786978153552,2.1982862058415717,0,0.0,Yellow (Vulnerable),Yellow (Vulnerable),-0.2560419889029202,Stable Labor Market
TSA,South Asia (IDA & IBRD),2002,61.4807029795489,3.77199800153592,3.75561866588351,462.898836496672,31.2058856438684,56.2332585234219,27.9740430747163,60.8263215373653,-1.611156904619996,872.9547891862455,1.4385584290644073,1,61.4807029795489,Yellow (Vulnerable),Yellow (Vulnerable),0.5452019984640799,Stable Labor Market
TSA,South Asia (IDA & IBRD),2003,60.9943097223078,7.46572456545647,4.73728336485163,532.66154684429,32.0000779732296,72.678302048105,26.3694952782118,64.88508729602958,0.43801985418039635,843.8259050174875,2.2292651280458875,1,60.9943097223078,Yellow (Vulnerable),Yellow (Vulnerable),-3.14852456545647,Stable Labor Market
TSA,South Asia (IDA & IBRD),2004,63.9289388384921,7.54604881614362,3.93659435875237,606.478041696258,38.1607950166866,87.3939084700169,24.1399146232521,69.31008964382977,5.651228507987703,921.1983336582387,2.9566693431686595,1,63.9289388384921,Yellow (Vulnerable),Yellow (Vulnerable),-3.2288488161436204,Stable Labor Market
TSA,South Asia (IDA & IBRD),2005,63.0918598841689,7.64449221776582,6.07448185265313,686.338193475473,42.4971464403536,93.8128981766169,22.7325118045808,70.2014711550167,5.9964183820397,966.0668831163372,2.751967031471217,1,63.0918598841689,Yellow (Vulnerable),Yellow (Vulnerable),-3.3272922177658204,Stable Labor Market
TSA,South Asia (IDA & IBRD),2006,60.5562898681274,7.89518422976431,6.28089227308195,769.378704313512,45.9944214475263,95.5427670544132,22.3613589412694,69.49708644223327,4.203345087400201,1028.4977672841553,3.1338214573746432,1,60.5562898681274,Yellow (Vulnerable),Yellow (Vulnerable),-3.5779842297643105,Stable Labor Market
TSA,South Asia (IDA & IBRD),2007,58.2777103305044,7.53428173032866,6.583827447617,967.697911561283,46.0171112034336,117.746714659696,22.0326805468574,75.45399291716258,6.244551634147996,1013.8803108344651,2.8949519631633724,0,0.0,Yellow (Vulnerable),Yellow (Vulnerable),-3.21708173032866,Stable Labor Market
TSA,South Asia (IDA & IBRD),2008,57.0954415021292,3.48063577458643,9.40488747385817,958.275511460297,52.8016359534609,98.8887279737062,24.1743022348222,70.44021275146531,4.912142115767395,1276.4427060320181,2.715645465527828,0,0.0,Yellow (Vulnerable),Yellow (Vulnerable),0.8365642254135697,Stable Labor Market
TSA,South Asia (IDA & IBRD),2009,56.3529447807272,7.38981184100092,4.9768244765374,1054.43555885745,45.9241017213063,99.091225397737,25.095769957509,70.6210427048783,5.080154358086801,1152.500692303146,2.174073335460691,0,0.0,Yellow (Vulnerable),Yellow (Vulnerable),-3.0726118410009207,Stable Labor Market
TSA,South Asia (IDA & IBRD),2010,52.0331586963564,8.19440351757765,7.58152977621468,1294.02734404973,48.318869674409,93.8679054140076,20.5655693100604,64.41544382038853,1.0364495949935986,993.705063272834,0.6748316907060865,0,0.0,Yellow (Vulnerable),Yellow (Vulnerable),-3.87720351757765,Stable Labor Market
TSA,South Asia (IDA & IBRD),2011,52.1832993863618,5.45109403202389,9.06943441304666,1397.00682550999,54.781912294079,81.2889808408125,19.3653225072283,59.75791006235549,1.5770364214983061,1060.8693991375346,0.6107422088267999,0,0.0,Yellow (Vulnerable),Yellow (Vulnerable),-1.13389403202389,Stable Labor Market
TSA,South Asia (IDA & IBRD),2012,51.2727904226404,5.64515915604163,9.46940335888463,1387.18205956625,55.002840478453,70.3011964638081,20.8265743223698,56.834955591528214,0.43048125506529544,1145.5207451659517,1.4764239688487946,0,0.0,Yellow (Vulnerable),Yellow (Vulnerable),-1.3279591560416302,Stable Labor Market
TSA,South Asia (IDA & IBRD),2013,50.9967091013628,6.23326513040877,8.15339493090692,1405.8407235793,53.1281840147581,65.3521854857034,21.4326934807182,55.48161701582306,3.3238883532326042,1138.6800831755027,1.7396249889209032,0,0.0,Yellow (Vulnerable),Yellow (Vulnerable),-1.9160651304087706,Stable Labor Market
TSA,South Asia (IDA & IBRD),2014,50.6062629648635,7.24547986692529,6.82864780544374,1528.49208733408,48.7343658963128,67.0929012120624,22.8110749387121,56.707042070038895,2.980493802816696,1111.6832725514066,1.9352551604246897,0,0.0,Yellow (Vulnerable),Yellow (Vulnerable),-2.9282798669252905,Stable Labor Market
TSA,South Asia (IDA & IBRD),2015,50.8423091675751,7.68973935167961,4.72755869604731,1570.54142462917,42.3320491860183,69.9606161578148,22.8181031023316,57.639984092296004,4.276662009421301,965.9370628595382,,0,0.0,Yellow (Vulnerable),Yellow (Vulnerable),-3.3725393516796105,Stable Labor Market
TSA,South Asia (IDA & IBRD),2016,47.6728207481302,7.96912333627881,4.45355240327605,1722.90703415144,39.7938034454886,74.3866226004135,21.3348212265987,56.8097815652584,,848.9936824359066,,0,0.0,Yellow (Vulnerable),Yellow (Vulnerable),-3.65192333627881,Stable Labor Market
TSA,South Asia (IDA & IBRD),2017,47.6257691620468,6.78411966003432,4.14162852223214,1956.06707554186,40.3089858984443,74.7305458687547,21.4961957640791,56.99130841176998,,866.4898519244625,,0,0.0,Yellow (Vulnerable),Yellow (Vulnerable),-2.4669196600343204,Stable Labor Market
TSA,South Asia (IDA & IBRD),2018,46.5656471581538,6.3936663253368,3.33139516437672,1988.3663331799,43.1541039748077,69.8374813526525,20.5417732305817,54.36165227311375,,886.4618178194441,,0,0.0,Yellow (Vulnerable),,-2.0764663253368,Stable Labor Market
LKA,Sri Lanka,1995,94.6498205974494,5.5000852341585,7.67484873449805,741.838255293455,81.6350490886111,25.1557628764527,26.327752102432,63.453450338700335,5.453996686315108,2149.26733527482,3.809718017894726,1,94.6498205974494,Red (Trap),Red (Trap),-1.1828852341585003,Stable Labor Market
LKA,Sri Lanka,1996,92.343984335944,3.79996720568178,15.9358310447214,776.192371057587,78.8739637143809,23.9153837693333,31.7714827514547,65.91880804909174,-2.7641702768233927,2505.9427776903167,4.370598607628017,1,92.343984335944,Red (Trap),Red (Trap),0.5172327943182196,Stable Labor Market
LKA,Sri Lanka,1997,86.105931670321,6.40539969571286,9.57369626405162,827.035756058631,80.1375533095503,25.1941799790086,32.0996118716155,63.76356809025015,-10.798100975054908,2572.384357577461,6.708129148966205,1,86.105931670321,Red (Trap),Red (Trap),-2.08819969571286,Stable Labor Market
LKA,Sri Lanka,1998,89.1958239111343,4.69842304772052,9.36424300683229,847.533577843861,78.4949891255872,22.0572114265821,30.1364147887904,62.75363276469944,-14.023450238750698,2365.5575511302877,6.537264026050654,1,89.1958239111343,Red (Trap),Red (Trap),-0.3812230477205203,Stable Labor Market
LKA,Sri Lanka,1999,95.1081546127674,4.30054049813373,4.69170563048438,829.356379527539,78.7514783496374,16.6320090022563,30.6544094426022,63.568617327667056,-10.4168361419336,2414.0800615400076,4.408168625876491,1,95.1081546127674,Red (Trap),Red (Trap),0.016659501866270077,Stable Labor Market
LKA,Sri Lanka,2000,96.9040326453759,6.00003315828934,6.17627591012045,860.199884304769,88.636441704913,12.2310685987151,32.9037058260817,64.38633808977711,-5.366679378100088,2916.4674033290967,3.1642549709004455,1,96.9040326453759,Red (Trap),Red (Trap),-1.6828331582893403,Stable Labor Market
LKA,Sri Lanka,2001,103.219274149885,-1.54540813366026,14.15845579912,803.544026627385,80.8986015327576,15.1634599878144,39.3455686326865,72.29956880474826,0.890737451015994,3183.0014788954713,5.84416606482281,1,103.219274149885,Red (Trap),Red (Trap),5.86260813366026,High LPI Risk (Structural Trap)
LKA,Sri Lanka,2002,105.524990754701,3.96467568513113,9.55103167007251,834.936014905338,76.3351317826517,16.8444680512211,43.6389036621997,76.33169393084171,14.9200776397156,3331.1814619044562,7.660324918532037,1,105.524990754701,Red (Trap),Red (Trap),0.3525243148688699,Stable Labor Market
LKA,Sri Lanka,2003,102.270712023476,5.9402690780223,6.31463787051174,946.382255128072,75.336247330543,21.7581848372383,44.0249669265629,76.70136776912885,13.571227901353097,3316.675797098518,8.035063121679842,1,102.270712023476,Red (Trap),Red (Trap),-1.6230690780223007,Stable Labor Market
LKA,Sri Lanka,2004,102.328536698869,5.44506127885352,7.57592582995856,1028.62068132555,79.4829449011187,19.0068005430546,37.4263780007311,71.68423635587027,17.334119750534896,2974.758740480551,6.94899109906296,1,102.328536698869,Red (Trap),Red (Trap),-1.12786127885352,Stable Labor Market
LKA,Sri Lanka,2005,90.6049131149854,6.24174804376447,11.6396860971118,1207.21994764165,73.6039729580533,24.2029671201775,29.143089979069,63.46217216892428,4.541421202499393,2145.047206733509,6.669672759960701,1,90.6049131149854,Red (Trap),Red (Trap),-1.92454804376447,Stable Labor Market
LKA,Sri Lanka,2006,88.6994841221229,7.66829190107919,10.0201836057035,1388.89739119932,71.2611784883009,23.8926075524646,29.7456242799198,62.9135827306413,15.186824959677793,2119.7082410573016,,1,88.6994841221229,Red (Trap),Red (Trap),-3.35109190107919,Stable Labor Market
LKA,Sri Lanka,2007,84.9944169483341,6.79682611892866,15.8421114924843,1578.63451125392,68.6065116601391,24.8452675211772,30.7019666764143,62.55242998328694,,2106.35483477462,,1,84.9944169483341,Red (Trap),Red (Trap),-2.4796261189286604,Stable Labor Market
LKA,Sri Lanka,2009,86.063491912486,3.53891205317842,3.46496322106074,2026.65939950702,49.1491415308235,27.4484977933376,42.6806107232147,70.98323243568508,,2097.7153770572622,,1,86.063491912486,Red (Trap),Yellow (Vulnerable),0.7782879468215795,Stable Labor Market
LKA,Sri Lanka,2015,73.5126591624451,4.20595547449241,3.76836783062096,4057.7158346231,46.9179708088816,16.6233164182209,34.8902193561801,57.488377756401654,,1636.9782932687335,,1,73.5126591624451,Yellow (Vulnerable),,0.11124452550758956,Stable Labor Market
SDN,Sudan,1998,786.949168449653,4.30850425525036,24.6218785461586,350.702880859375,21.8751479870534,0.538046522584193,7.2090685382656,324.4243077118924,,157.69944112337075,,1,786.949168449653,Red (Trap),Red (Trap),0.008695744749640077,Stable Labor Market
SDN,Sudan,1999,865.873242919908,3.10409561549652,17.1664454201761,324.659606933594,24.7143682332999,1.16465015838929,9.39378145136368,357.69301009750814,,232.16137389214435,,1,865.873242919908,Red (Trap),,1.2131043845034797,Moderate LPI Risk (Vulnerable)
TJK,Tajikistan,2001,79.804079881426,9.58083617842951,38.59188944886,168.676285365186,146.657305562056,8.11333652494971,4.78826594241055,39.45443949430859,,702.2341814284899,,1,79.804079881426,Yellow (Vulnerable),,-5.263636178429511,Stable Labor Market
THA,Thailand,1995,4.61009471231839,8.12031534625378,5.81818181818192,2864.36515719866,89.7561749368245,36.9046248936238,1.78833197979396,14.997423745256903,-6.05976267310301,160.51383802350438,6.894984673630459,0,0.0,Green (Sustainable),Green (Sustainable),-3.8031153462537794,Stable Labor Market
THA,Thailand,1996,3.67349745742469,5.65194446499471,5.80510554737349,3054.65690806473,84.2741479979753,34.2353720186619,1.15864405541401,13.364788278000782,-16.33228145813511,97.64374060293459,8.49190981665543,0,0.0,Green (Sustainable),Green (Sustainable),-1.33474446499471,Stable Labor Market
THA,Thailand,1997,4.64152040948473,-2.75357515314082,5.62579747129104,2473.14096982086,95.0517906464755,24.512211134303,1.7598726588758,11.034306285643842,-17.32306610443487,167.27904753591872,8.395592195465346,0,0.0,Green (Sustainable),Green (Sustainable),7.07077515314082,Moderate LPI Risk (Vulnerable)
THA,Thailand,1998,10.6698573854214,-7.63403528600102,7.9947287502746,1847.70379269771,100.240473732828,28.1455666872244,1.14696343872474,14.334197614564754,-13.908476650437501,114.97215845200138,7.117913350559807,0,0.0,Green (Sustainable),Green (Sustainable),11.951235286001019,Moderate LPI Risk (Vulnerable)
THA,Thailand,1999,20.0057789155598,4.57230775115542,0.284726459223034,2033.24490520569,100.706288704433,35.8924802358715,6.02100689326544,23.397709239951617,-10.064577356597397,606.3532584845707,3.996000498497591,0,0.0,Green (Sustainable),Green (Sustainable),-0.2551077511554203,Stable Labor Market
THA,Thailand,2000,21.9645865139196,4.45524704335014,1.59196917460972,2005.97694514234,121.297955351472,40.9187914899917,7.38642414162056,26.715374099201433,-5.081431858161,895.9581457373255,3.0733987677456818,0,0.0,Green (Sustainable),Green (Sustainable),-0.13804704335014062,Stable Labor Market
THA,Thailand,2001,24.5783340358589,3.44424900968372,1.62690887314091,1889.93432467144,120.267966273533,49.0967638509541,7.07800581118495,30.185188566224276,0.18193423498800243,851.2573641834622,2.34884122415551,0,0.0,Green (Sustainable),Green (Sustainable),0.8729509903162795,Stable Labor Market
THA,Thailand,2002,30.0703562721572,6.14903605210036,0.697308976625449,2089.75183111554,114.969743021067,61.8277187702913,7.63902137028876,36.78967719321867,4.6122279940803,878.2563238745379,2.386631206836177,0,0.0,Green (Sustainable),Green (Sustainable),-1.8318360521003605,Stable Labor Market
THA,Thailand,2003,27.0460183720806,7.18924330340971,1.80434994635721,2347.54001286066,116.692819704865,72.1293890627082,5.83241131937181,37.738209524853325,2.6653592226154004,680.6005225360685,1.5054022989013571,0,0.0,Green (Sustainable),Green (Sustainable),-2.8720433034097104,Stable Labor Market
THA,Thailand,2004,24.3963998008709,6.28934214285795,2.7591492623108,2641.56268717857,127.411873720393,85.329368891674,6.67462896631378,41.447391985715456,1.4029329689533974,850.4269829864487,1.2064910994783642,0,0.0,Green (Sustainable),Green (Sustainable),-1.9721421428579502,Stable Labor Market
THA,Thailand,2005,25.4581282780769,4.18763842884337,4.54036919634535,2867.70383436062,137.853866832247,88.9808326110293,6.0599167540026,42.71779875345468,3.0079110157480997,835.382957220777,1.7719909042122155,0,0.0,Green (Sustainable),Green (Sustainable),0.12956157115662936,Stable Labor Market
THA,Thailand,2006,24.3806591494652,4.96781089246107,4.63747436011765,3331.32043511773,134.086946191268,106.842438623616,7.15353282875006,48.676934070436076,-2.3985360541794023,959.1953714860784,2.076206057586972,0,0.0,Green (Sustainable),Green (Sustainable),-0.6506108924610707,Stable Labor Market
THA,Thailand,2007,22.9934668319175,5.43515169050809,2.24154095286803,3918.52817434581,129.873226989717,138.502212070852,5.62538626614351,57.13892443992888,-3.9073787155838993,730.5870674476927,2.5543078678810427,0,0.0,Green (Sustainable),Green (Sustainable),-1.1179516905080904,Stable Labor Market
THA,Thailand,2008,22.4502172623288,1.72569884866334,5.46848949649845,4309.13509292986,140.437011540931,166.408794884002,4.91032370953631,65.48282211624013,-5.681759036050302,689.5911874658578,2.401877843519298,0,0.0,Green (Sustainable),Green (Sustainable),2.5915011513366597,Moderate LPI Risk (Vulnerable)
THA,Thailand,2009,26.7791952036446,-0.690618232300579,-0.845716092316721,4135.43986952819,119.269418854589,171.03335253961,5.78225283081557,69.02251502528614,-1.6655208202382,689.6459348016751,4.798034885143874,0,0.0,Green (Sustainable),Green (Sustainable),5.007818232300579,Moderate LPI Risk (Vulnerable)
THA,Thailand,2010,26.9008455475014,7.51339053261624,3.24758842443723,4973.86288823778,127.250522638251,160.524914767393,6.13780358232205,66.10736163162906,-11.265849509578,781.0387137014101,5.034080761948406,0,0.0,Green (Sustainable),Green (Sustainable),-3.1961905326162405,Stable Labor Market
THA,Thailand,2011,28.1319762983791,0.840132083053334,3.80879058139634,5373.6232832898,139.675407224576,148.614328620025,5.94727979173504,62.70937777603897,-7.2584976468908025,830.6887267890833,4.734956624081986,0,0.0,Green (Sustainable),Green (Sustainable),3.4770679169466656,Moderate LPI Risk (Vulnerable)
THA,Thailand,2012,28.4447160238828,7.24279620249642,3.01489950334985,5725.52802835463,137.67493851024,120.070545144059,5.96627997577186,53.71876963523136,-8.225853511635098,821.4072287992669,3.907407581976577,0,0.0,Green (Sustainable),Green (Sustainable),-2.92559620249642,Stable Labor Market
THA,Thailand,2013,38.1666950570794,2.68749556320556,2.18488618530687,6018.08244729255,132.462274174269,108.708853318396,5.16319962649688,53.48953776716587,0.8601746525130025,683.9291645415129,1.1117042626666322,0,0.0,Green (Sustainable),Green (Sustainable),1.6297044367944395,Moderate LPI Risk (Vulnerable)
THA,Thailand,2014,35.3904739452699,0.984468863619426,1.8951418189878,5801.1978916205,130.905495444398,106.968034122092,5.41452070061273,51.95954450770992,-2.5199448983346002,708.7905149076585,1.23564628984496,0,0.0,Green (Sustainable),Green (Sustainable),3.332731136380574,Moderate LPI Risk (Vulnerable)
THA,Thailand,2015,36.6705695355179,3.13404724911635,-0.900424963291569,5688.85335397884,124.839662152526,127.215088660496,4.6338616230987,58.325498478606676,-1.9571360586100042,578.4897194891976,5.7229549048480335,0,0.0,Green (Sustainable),Green (Sustainable),1.1831527508836497,Moderate LPI Risk (Vulnerable)
THA,Thailand,2016,37.3065204045664,3.43515771692182,0.188149704448143,5833.57715617098,120.57522728913,131.052514009653,4.03113057488479,59.46361215949436,-13.0162610953751,486.0544852988948,9.485143696053159,0,0.0,Green (Sustainable),Green (Sustainable),0.8820422830781798,Stable Labor Market
THA,Thailand,2018,37.9104188436045,4.22287028746071,1.06389754183024,7099.77650081458,120.841864730984,119.488644090048,4.96494921683674,56.65203471828798,-20.601035359906895,599.9737216571904,10.624231312863335,0,0.0,Green (Sustainable),Green (Sustainable),0.0943297125392899,Stable Labor Market
THA,Thailand,2019,38.6277055941279,2.11455779628278,0.706728601314311,7605.69657797759,109.689514715166,133.069785385635,4.99189911186894,61.27507016801127,-21.722214595178094,547.5589910879721,9.500451003992044,0,0.0,Green (Sustainable),Yellow (Vulnerable),2.2026422037172195,Moderate LPI Risk (Vulnerable)
THA,Thailand,2020,50.3227814999415,-6.05003846851622,-0.845937147357041,6985.64393892574,97.8007432465178,138.122709930963,4.80957708745103,67.44558718229887,-10.801579863911101,470.3802138541331,4.765878965005053,0,0.0,Yellow (Vulnerable),Yellow (Vulnerable),10.36723846851622,Moderate LPI Risk (Vulnerable)
THA,Thailand,2021,58.5114542035114,1.55216608426647,1.23039541318384,7057.20754802279,117.252944620852,125.091815262929,6.38967796533098,67.69705226557673,-3.686911359759904,749.2085566140317,,0,0.0,Yellow (Vulnerable),Yellow (Vulnerable),2.7650339157335297,Moderate LPI Risk (Vulnerable)
THA,Thailand,2022,60.349920189306,2.58037874709827,-1.61068030486688,6909.35281815827,132.858712082871,107.684258951184,6.75505454856941,63.01608390500867,,897.4678473724713,,1,60.349920189306,Yellow (Vulnerable),Yellow (Vulnerable),1.7368212529017297,Moderate LPI Risk (Vulnerable)
THA,Thailand,2023,61.1243613638526,2.01775095328327,8.47805174421543,7195.10130919449,128.824114152375,115.294555805185,5.70045513744024,65.47255323956111,,734.356083346094,,1,61.1243613638526,Yellow (Vulnerable),Yellow (Vulnerable),2.2994490467167297,Moderate LPI Risk (Vulnerable)
THA,Thailand,2024,62.1983655632713,2.54182067735289,1.36580540798037,7346.62022142185,136.747107022451,123.514160762489,5.75817536696224,68.28938947262846,,787.4138231600264,,1,62.1983655632713,Yellow (Vulnerable),,1.7753793226471095,Moderate LPI Risk (Vulnerable)
TON,Tonga,2013,48.914577670051,0.393922530137331,0.77562932236742,4219.24670113014,82.731581196292,77.9307486054124,2.94399700568945,46.56015125109221,-0.46720244888889795,243.56152731783726,2.0841161965601227,0,0.0,Yellow (Vulnerable),Yellow (Vulnerable),3.923277469862669,Moderate LPI Risk (Vulnerable)
TON,Tonga,2014,47.3558959748934,1.99053625497055,2.51087633253706,4136.59013792529,74.7304245935745,81.0439296475115,2.36050309436793,46.61591096571786,1.7334178282143,176.40139849656185,2.0705673020528566,0,0.0,Yellow (Vulnerable),Yellow (Vulnerable),2.3266637450294496,Moderate LPI Risk (Vulnerable)
TON,Tonga,2015,51.114971793039,1.11374405685874,-1.05399831971283,4123.90323993332,81.3902410936397,84.6851840466356,2.43977839603266,49.211693197751636,2.8743956196310947,198.57415186815177,3.1798774526691127,0,0.0,Yellow (Vulnerable),Yellow (Vulnerable),3.2034559431412597,Moderate LPI Risk (Vulnerable)
TON,Tonga,2016,49.3817801189399,6.59870436118344,2.57815515245072,3987.98626206287,87.7771675387955,101.195817918522,2.12551139527739,53.712611210323246,6.327598741354699,186.57136984888243,2.9035222235117257,0,0.0,Yellow (Vulnerable),Yellow (Vulnerable),-2.2815043611834405,Stable Labor Market
TON,Tonga,2017,45.6224781466791,3.2023165092282,7.51706283551125,4365.92932788383,88.0434937486257,102.822812046139,1.86647023559959,52.73444150500634,2.541673457570397,164.33056052000845,,0,0.0,Yellow (Vulnerable),Yellow (Vulnerable),1.1148834907717995,Moderate LPI Risk (Vulnerable)
TON,Tonga,2018,48.2405761734079,0.527827266310538,5.03209691984882,4675.04791274385,86.1039624323194,115.052852468173,1.80589548653407,57.558423253396725,,155.49475712922472,,0,0.0,Yellow (Vulnerable),Yellow (Vulnerable),3.789372733689462,Moderate LPI Risk (Vulnerable)
TON,Tonga,2019,43.0541813775852,-0.285208794735084,1.179543348218,4788.83342304684,88.0453900968952,117.03806363227,1.65281603661109,55.844133264337714,,145.52283270182764,,0,0.0,Yellow (Vulnerable),Yellow (Vulnerable),4.602408794735084,Moderate LPI Risk (Vulnerable)
TON,Tonga,2020,43.0808046891087,1.80618735341196,-0.349737696727418,4792.35854741522,81.8494988890262,153.637884841325,1.66441310927133,67.46982398835038,,136.23137893818435,,0,0.0,Yellow (Vulnerable),,2.51101264658804,Moderate LPI Risk (Vulnerable)
TUN,Tunisia,1995,57.518267866149,2.35166985086541,6.24415028747146,1968.16600944373,93.7144465686907,15.6113852657419,12.3000348607507,36.36343189551121,3.236523832315605,1152.6909597508545,1.297703242433157,0,0.0,Yellow (Vulnerable),Yellow (Vulnerable),1.9655301491345898,Moderate LPI Risk (Vulnerable)
TUN,Tunisia,1996,55.2965179400303,7.14608096782061,3.72514472690715,2107.40815649257,85.7203547620671,17.380031289658,13.2738849022091,36.55169406612109,-0.3421184403076012,1137.8421228882103,1.0861804194790436,0,0.0,Yellow (Vulnerable),Yellow (Vulnerable),-2.82888096782061,Stable Labor Market
TUN,Tunisia,1997,56.9353278066895,5.44094350107467,3.65202620723071,2202.06090620956,80.5007104439621,18.1760462837981,12.9341729804192,37.24943165337418,0.2140519771896976,1041.2101139288443,1.083572587136018,0,0.0,Yellow (Vulnerable),Yellow (Vulnerable),-1.12374350107467,Stable Labor Market
TUN,Tunisia,1998,54.2817440338334,4.78376247825665,3.12536579655862,2285.01933541864,79.9794582620079,17.6345204613853,11.4285714285714,35.02067793211654,-2.186075939454902,914.0509515658023,0.9544054362304589,0,0.0,Yellow (Vulnerable),Yellow (Vulnerable),-0.46656247825665,Stable Labor Market
TUN,Tunisia,1999,55.6386363803379,6.05463447898158,2.6901248581158,2376.06566791596,77.9051139411665,19.5146922442742,11.5675914301875,36.241432672168024,-0.29579762206930127,901.1745283936184,0.674985943294133,0,0.0,Yellow (Vulnerable),Yellow (Vulnerable),-1.73743447898158,Stable Labor Market
TUN,Tunisia,2000,56.7212758294998,4.7099729138049,2.96230794738605,2199.04465936314,82.639110670191,16.4808249754869,11.3426428690064,35.579724622336364,1.6999602572587023,937.3459193442727,1.1793252634748945,0,0.0,Yellow (Vulnerable),Yellow (Vulnerable),-0.3927729138049001,Stable Labor Market
TUN,Tunisia,2001,56.4678199732883,3.79627166202512,1.98333333333337,2235.71981624751,89.5522011944661,15.8675466554626,10.3597223360296,34.61626926485048,2.6302618801590967,927.7359389549271,1.6344302808318973,0,0.0,Yellow (Vulnerable),Yellow (Vulnerable),0.5209283379748797,Stable Labor Market
TUN,Tunisia,2002,55.9344340024072,1.32255714828946,2.72103284850455,2320.7723805785,85.3421759692656,15.2472645032712,10.0994382456489,34.0649105403867,3.5139042801651,861.9080359508994,2.8849532466019983,0,0.0,Yellow (Vulnerable),Yellow (Vulnerable),2.9946428517105397,Moderate LPI Risk (Vulnerable)
TUN,Tunisia,2003,55.0213155722411,4.70239953285241,2.71259247474352,2725.8643148859,82.390340709916,16.7471029161295,9.46603720258345,33.76854237171968,6.457405107648299,779.9100302935907,3.8509558782523476,0,0.0,Yellow (Vulnerable),Yellow (Vulnerable),-0.38519953285241026,Stable Labor Market
TUN,Tunisia,2004,53.8375580931292,6.23579072222647,3.63228004956625,3067.41936376975,86.9253446966283,20.4778197956476,9.53915006076506,34.56059785969891,8.055087598087603,829.1939071448656,4.416715852710762,0,0.0,Yellow (Vulnerable),Yellow (Vulnerable),-1.9185907222264706,Stable Labor Market
TUN,Tunisia,2005,52.4205297222421,3.4865455430439,2.01778641357144,3146.8260743927,90.2512478803945,25.2044569663475,9.63758121302312,35.493799645869046,9.132824288143802,869.8037310239828,3.9637588655840923,0,0.0,Yellow (Vulnerable),Yellow (Vulnerable),0.8306544569560996,Stable Labor Market
TUN,Tunisia,2006,48.5639104645928,5.24409983246916,3.22525337438917,3322.56933570096,93.9409304094309,36.7007879804757,9.3119477779243,37.435371429681105,5.634118313638105,874.7730381822413,3.638822907466729,0,0.0,Yellow (Vulnerable),Yellow (Vulnerable),-0.92689983246916,Stable Labor Market
TUN,Tunisia,2007,45.7824704950416,6.70952097453554,2.96694432477349,3726.91672935667,104.059400976647,38.7850810751737,8.76214905810048,36.61237794089101,7.016470198697803,911.7839822540277,2.5204875355451613,0,0.0,Yellow (Vulnerable),Yellow (Vulnerable),-2.39232097453554,Stable Labor Market
TUN,Tunisia,2008,43.2877054340983,4.23778147502819,4.34502807623045,4255.05008019523,114.343660218696,41.8949853999068,7.00134205156174,35.522632819939375,0.8069829835763969,800.5590766186435,1.835935732645348,0,0.0,Yellow (Vulnerable),Yellow (Vulnerable),0.07941852497180957,Stable Labor Market
TUN,Tunisia,2009,42.9297921509547,3.04345012371552,3.66490330642919,4080.09032448781,93.0168787876722,49.3103450630527,6.94388545019161,37.6784420208545,0.4100378499368986,645.8985512359536,,0,0.0,Yellow (Vulnerable),Green (Sustainable),1.2737498762844797,Moderate LPI Risk (Vulnerable)
TUN,Tunisia,2010,38.7660002963438,2.97113275066512,3.33897963601069,4291.86120891575,100.151009836799,43.0914221352426,6.2759625730357,33.57084917010068,,628.5439893874808,,0,0.0,Green (Sustainable),Yellow (Vulnerable),1.3460672493348795,Moderate LPI Risk (Vulnerable)
TUN,Tunisia,2011,42.4807224505219,-2.04663389535644,3.24002842009531,4420.64772206537,100.106379304237,34.0467256491033,5.58252768747977,31.74563735717642,,558.8466341592548,,0,0.0,Yellow (Vulnerable),Yellow (Vulnerable),6.363833895356439,Moderate LPI Risk (Vulnerable)
TUN,Tunisia,2012,42.5197543010178,4.21667711535632,4.6118443220664,4297.26782454273,101.550723929668,34.2998702702523,5.60152180326642,31.907316771866558,,568.8385942295242,,0,0.0,Yellow (Vulnerable),,0.10052288464367987,Stable Labor Market
TUR,Turkiye,1995,25.8570964356936,7.87826687618991,89.11331722485,3845.98997887841,35.9924804952774,18.8271792440985,15.0911158477002,29.553006456124436,-4.429282306311801,543.1666928003211,5.92144089765995,0,0.0,Green (Sustainable),Green (Sustainable),-3.5610668761899102,Stable Labor Market
TUR,Turkiye,1996,27.4847222842895,7.15779847930847,80.4121511388042,4041.36210281686,39.6477180344549,22.1016775830782,18.2928412804982,32.96329788428912,-13.547159012420497,725.2694131382295,8.706973095805779,0,0.0,Green (Sustainable),Green (Sustainable),-2.84059847930847,Stable Labor Market
TUR,Turkiye,1997,31.8793752282311,7.3578623747848,85.669361649978,4197.37636165642,42.7610666826994,23.3074395825251,36.1202237837507,46.71104477648559,-16.6077648942215,1544.5392978109887,8.03521590518636,0,0.0,Green (Sustainable),Green (Sustainable),-3.0406623747848007,Stable Labor Market
TUR,Turkiye,1998,30.2863787420054,1.90857064345151,84.6413434846315,4331.02761275037,40.3769887377902,21.2138065392733,49.857983795292,54.12845238679132,-14.893362442514299,2013.1152501914314,6.880625715092119,0,0.0,Green (Sustainable),Yellow (Vulnerable),2.4086293565484898,Moderate LPI Risk (Vulnerable)
TUR,Turkiye,2008,41.03188129671,0.920118221365883,10.4441283764885,10913.4079047769,50.7612500066681,25.0214065406285,16.7007679240527,35.65803303003764,1.0625387609109964,847.7518558961824,4.31930774610914,0,0.0,Yellow (Vulnerable),Yellow (Vulnerable),3.3970817786341168,Moderate LPI Risk (Vulnerable)
TUR,Turkiye,2009,48.4871401224526,-4.88269401706633,6.25097663090626,9076.92472236977,47.0391385732199,26.2004078392768,13.8962519003789,37.100618989449615,10.787422656340901,653.6677187902934,6.513747088222887,0,0.0,Yellow (Vulnerable),Yellow (Vulnerable),9.199894017066331,Moderate LPI Risk (Vulnerable)
TUR,Turkiye,2010,45.1797411845197,8.54219848467686,8.56644420552976,10698.9699409757,46.9433366709891,27.1468046836052,10.6399113755137,34.073688980889116,13.3960946555192,499.47294185022633,5.871076365505665,0,0.0,Yellow (Vulnerable),Green (Sustainable),-4.22499848467686,Stable Labor Market
TUR,Turkiye,2011,39.969342535799,10.9799625273598,6.471879671151,11373.6355760885,53.651583897618,27.3961891155252,9.22930640874002,31.061593723173225,8.8486690333444,495.16690710533874,4.638897291334833,0,0.0,Green (Sustainable),Green (Sustainable),-6.662762527359801,Stable Labor Market
TUR,Turkiye,2012,37.6997174661117,4.80762696633448,8.89156996512163,11776.7593362033,53.3277612968607,33.7250894743513,8.38990893744021,31.717597589156647,8.5545722006079,447.4150611182097,3.3598988102342555,0,0.0,Green (Sustainable),Green (Sustainable),-0.49042696633448024,Stable Labor Market
TUR,Turkiye,2013,31.7836465290005,8.48825689298511,7.49309030547693,12635.5570016068,53.0683530043043,32.5860251423829,6.97426364124538,28.000837010513724,1.7084451109167986,370.1126848586945,1.093047325179135,0,0.0,Green (Sustainable),Green (Sustainable),-4.17105689298511,Stable Labor Market
TUR,Turkiye,2014,31.1206735024546,4.60079447270559,8.85457271364324,12209.3862327674,54.30677404128,30.7927967420351,6.75624697597249,27.07421325122995,1.5472555335181006,366.90997789121934,0.7810763309771145,0,0.0,Green (Sustainable),Green (Sustainable),-0.28359447270559013,Stable Labor Market
TUR,Turkiye,2015,29.1451452655038,5.80557386628684,7.67085364845877,11064.6494504662,51.8749252596832,27.6598187081738,6.08837306068961,24.80336306475744,-0.25484744420030125,315.83389747634214,1.782098216066119,0,0.0,Green (Sustainable),Green (Sustainable),-1.4883738662868407,Stable Labor Market
TUR,Turkiye,2016,30.0752014180837,3.32366508200445,7.7751341532833,10984.3643169061,48.870183807987,26.2721321765686,5.88028685966156,24.608873267676067,-3.384873046600397,287.37069967535103,4.941714747703663,0,0.0,Green (Sustainable),Green (Sustainable),0.9935349179955497,Stable Labor Market
TUR,Turkiye,2017,29.5734179689365,7.82585730002594,11.1443110840765,10756.3877677883,56.1356585158689,24.0879605881317,6.54203066120119,24.262162374214412,-11.466234411161299,367.241199197534,5.993971322428891,0,0.0,Green (Sustainable),Green (Sustainable),-3.5086573000259405,Stable Labor Market
TUR,Turkiye,2018,29.3999927097041,3.46815306092219,16.3324638988928,9684.11819884721,62.8251323851165,21.8424438542458,8.64424774592817,25.018767126244015,-12.2375197628079,543.0760090076822,5.183852340290575,0,0.0,Green (Sustainable),Green (Sustainable),0.8490469390778097,Stable Labor Market
TUR,Turkiye,2019,33.4600744646841,1.30162365464503,15.1768215720022,9395.23378001368,62.5784589326239,25.4910219179444,7.53250431342699,27.071659323519448,-1.870009910021004,471.37251183760327,4.097432685146861,0,0.0,Green (Sustainable),Yellow (Vulnerable),3.0155763453549698,Moderate LPI Risk (Vulnerable)
TUR,Turkiye,2020,41.0396523800978,1.80306247087255,12.2789574462574,8798.11791709313,60.389853117297,21.8001905455945,9.52695132623928,30.12584387672881,7.784816355945196,575.3311912472279,6.169792452672172,0,0.0,Yellow (Vulnerable),Yellow (Vulnerable),2.5141375291274497,Moderate LPI Risk (Vulnerable)
TUR,Turkiye,2021,41.637512472512,11.811094450607,19.5964926913324,9981.76398411336,69.6088976086437,25.5672197790193,9.85382518181686,32.060418044835906,15.0182779881454,685.9139081345647,,0,0.0,Yellow (Vulnerable),Green (Sustainable),-7.493894450607,Stable Labor Market
TUR,Turkiye,2022,35.3300843747051,5.44122511322401,72.3088359891207,10897.8397861365,79.8982722314341,28.2336360803375,15.4826696343933,35.98785113570995,,1237.0385533181143,,0,0.0,Green (Sustainable),Green (Sustainable),-1.1240251132240102,Stable Labor Market
TUR,Turkiye,2023,33.2548360241526,5.04512369812289,53.8594087593315,13375.0947282864,65.6832084738667,28.1841674626792,10.9661561933228,31.5349558269094,,720.2923234030059,,0,0.0,Green (Sustainable),Green (Sustainable),-0.7279236981228907,Stable Labor Market
TUR,Turkiye,2024,26.6192344843666,3.3276230893799,58.5064507300343,15892.7157287241,54.5988061195916,30.053790397,11.6553248308858,30.063297385263027,,636.3668207023956,,0,0.0,Green (Sustainable),,0.9895769106200998,Stable Labor Market
UGA,Uganda,2018,34.6735709943685,6.30392378262997,2.61601190952274,792.16570022814,36.6384055999567,27.2415128546322,14.519418476153,32.095492886026946,,531.9683432047988,,0,0.0,Green (Sustainable),,-1.9867237826299702,Stable Labor Market
UKR,Ukraine,1999,60.9764493031386,-0.200000000106499,22.6836718061345,631.910461425781,101.951706965548,6.94169183184973,9.79082845721757,34.03435860978558,36.9864150702323,998.1916738201941,18.57563922706353,1,60.9764493031386,Yellow (Vulnerable),Yellow (Vulnerable),4.517200000106499,High LPI Risk (Structural Trap)
UKR,Ukraine,2000,43.7297874273256,5.90000000024899,28.2030972388552,653.294311523438,115.735714934593,10.6155303118922,9.15471240655473,28.02827772189816,14.863150804490196,1059.5271853932002,10.976989111412863,0,0.0,Yellow (Vulnerable),Green (Sustainable),-1.58280000024899,Stable Labor Market
UKR,Ukraine,2008,13.2299542095983,2.24349159628288,25.226461707384,4017.806640625,94.1718921417534,31.6946136764801,1.27171889624827,17.248354518411013,-13.2508659638703,119.76017473212177,7.282500969909817,0,0.0,Green (Sustainable),Green (Sustainable),2.0737084037171196,Moderate LPI Risk (Vulnerable)
UKR,Ukraine,2009,23.9900342329063,-15.1364679101502,15.8811924594476,2607.08764648438,87.4761626200316,25.1656725710658,3.05555307108189,20.302098603892127,-8.455877482292703,267.2880573400964,4.640779130169347,0,0.0,Green (Sustainable),Green (Sustainable),19.4536679101502,Moderate LPI Risk (Vulnerable)
UKR,Ukraine,2010,28.8666366228354,4.09200436668087,9.37293105078978,3039.63232421875,95.72973045329,27.7621136781293,4.39451577530673,23.707712589356994,-6.7647629635455,420.685810642844,15.079647589523294,0,0.0,Green (Sustainable),Green (Sustainable),0.22519563331912984,Stable Labor Market
UKR,Ukraine,2011,26.4808201734686,5.44528081048476,7.95572466274652,3656.69799804688,104.805073904259,23.1807986949787,5.17430584046047,21.724132660191053,-37.184499015019796,542.2935060126985,19.826204754674084,0,0.0,Green (Sustainable),Green (Sustainable),-1.12808081048476,Stable Labor Market
UKR,Ukraine,2012,32.445911715199,0.152314967200653,0.568727971803862,3951.34228515625,102.622788356626,18.3576255692659,4.87508087796844,22.12572631452366,-37.81292590669919,500.2943931611897,19.19653317018525,0,0.0,Green (Sustainable),Green (Sustainable),4.164885032799346,Moderate LPI Risk (Vulnerable)
UKR,Ukraine,2013,35.6313995863809,0.045439094492707,-0.238948626045407,4129.89697265625,94.0016694501782,13.8928429120287,6.46099501660818,22.973731023442873,-36.1781458630195,607.3443178704507,14.867806183463102,0,0.0,Green (Sustainable),Yellow (Vulnerable),4.271760905507293,Moderate LPI Risk (Vulnerable)
UKR,Ukraine,2014,63.6653191884884,-10.0788949840953,12.0718562874251,3054.908203125,100.691782483624,5.90549930427595,8.25599069962685,33.40280915581335,-3.0693273177991074,831.3104197136495,5.926685184134418,1,63.6653191884884,Yellow (Vulnerable),Yellow (Vulnerable),14.3960949840953,High LPI Risk (Structural Trap)
UKR,Ukraine,2015,70.2588376218982,-9.7729872128676,48.6998646434424,2094.47387695313,107.806616298156,11.2181022873202,12.1223999554251,41.65124641054945,13.352886946927391,1306.8749206072973,9.955991799669707,1,70.2588376218982,Yellow (Vulnerable),Yellow (Vulnerable),14.0901872128676,High LPI Risk (Structural Trap)
UKR,Ukraine,2016,71.8095454494004,2.44098194492067,13.9127101997797,2158.46118164063,105.521204913122,13.3548586780728,12.9370748758,42.13505485025185,23.482275849043603,1365.1357289456944,9.097405931879871,1,71.8095454494004,Yellow (Vulnerable),Yellow (Vulnerable),1.8762180550793297,Moderate LPI Risk (Vulnerable)
UKR,Ukraine,2017,66.7346465062875,2.35997228099491,14.4383227488749,2604.28759765625,104.034982911399,15.1194480360037,11.390656032945,39.67546005115706,8.018461433054902,1185.026705737057,,1,66.7346465062875,Yellow (Vulnerable),Yellow (Vulnerable),1.9572277190050897,Moderate LPI Risk (Vulnerable)
UKR,Ukraine,2018,56.9059506749708,3.48836234022659,10.9518559353178,3059.0517578125,99.1998150718675,16.9850637975905,10.0865131471068,35.32237173999587,,1000.5802389129549,,0,0.0,Yellow (Vulnerable),Yellow (Vulnerable),0.8288376597734097,Stable Labor Market
UKR,Ukraine,2019,48.3272696003568,3.19950386354134,7.88671745611133,3619.86157226563,90.5112342910763,20.1368616665293,9.38918966102365,32.289166107544524,,849.827145212263,,0,0.0,Yellow (Vulnerable),Yellow (Vulnerable),1.1176961364586595,Moderate LPI Risk (Vulnerable)
UKR,Ukraine,2020,58.7161850732326,-3.75281793983162,2.73249209419427,3709.76928710938,79.1564523761815,21.8413289152456,8.76968345742351,36.44498180439152,,694.1770309517308,,0,0.0,Yellow (Vulnerable),,8.070017939831619,Moderate LPI Risk (Vulnerable)
VUT,Vanuatu,1995,24.1834507924015,1.00394504149095,2.22970130416487,1491.78967004617,91.9615068150109,98.6602031613317,2.51705099058136,42.93600436877611,-4.219694482212098,231.4718018240777,2.611415747528093,0,0.0,Green (Sustainable),Green (Sustainable),3.3132549585090496,Moderate LPI Risk (Vulnerable)
VUT,Vanuatu,1996,22.3390410958904,2.3273354164422,0.906344410876219,1529.27573115021,92.9417808219178,91.7381091313621,2.53463476070529,39.94259651244988,-4.9641705365208,235.57346839308514,27.721465741219472,0,0.0,Green (Sustainable),Green (Sustainable),1.9898645835577997,Moderate LPI Risk (Vulnerable)
VUT,Vanuatu,1997,23.3531607922546,4.90681267768768,2.83070223189979,1562.03090670153,96.196924634563,76.5450313657699,2.35294117647059,35.46874849424851,-63.718929034033806,226.34570502250136,31.420823748197357,0,0.0,Green (Sustainable),Green (Sustainable),-0.58961267768768,Stable Labor Market
VUT,Vanuatu,1998,28.4031452746136,1.17685436113621,3.28215987294863,1470.97189048658,94.7409334170479,69.6133145241256,2.41198501872659,35.359470485258804,-51.370399942391906,228.5137120620929,,0,0.0,Green (Sustainable),Green (Sustainable),3.14034563886379,Moderate LPI Risk (Vulnerable)
VUT,Vanuatu,1999,27.3032116324112,0.337293221894313,1.99897488467452,1472.17751741462,91.232330240222,47.0051313552225,3.67504835589942,28.46404467229253,,335.2832252542008,,0,0.0,Green (Sustainable),Red (Trap),3.9799067781056867,Moderate LPI Risk (Vulnerable)
VUT,Vanuatu,2021,87.0720898262884,-1.55229489129462,2.34328358208953,3107.20312858002,59.9521259721408,139.435470768913,1.99307898325722,81.0721707007964,,119.48932227666316,,1,87.0720898262884,Red (Trap),Yellow (Vulnerable),5.86949489129462,High LPI Risk (Structural Trap)
VUT,Vanuatu,2022,79.7735452170055,5.18622862422562,6.67930581887121,3370.21191956953,63.5996121674253,137.783950308738,2.66975670105001,78.18962303538606,,169.79549076816545,,1,79.7735452170055,Yellow (Vulnerable),,-0.8690286242256207,Stable Labor Market
ZMB,Zambia,1998,161.232157851948,-0.38574614579035,24.4584563516656,373.084763057408,56.2503070199594,1.00986965813409,13.463172341677,75.1579839093324,137.7432385715679,757.307577681957,62.89289361747172,1,161.232157851948,Red (Trap),Green (Sustainable),4.702946145790349,High LPI Risk (Structural Trap)
ZMB,Zambia,2010,17.3215114837051,10.2982233241213,8.50176133365265,1451.10616017155,65.0147025206122,48.4586286539632,9.49200642012233,28.849795966733193,-6.9024826615791,617.1199737279944,11.012696025576618,0,0.0,Green (Sustainable),Green (Sustainable),-5.981023324121301,Stable Labor Market
ZMB,Zambia,2011,18.0499093613498,5.56925219263019,6.4293968107234,1624.86817763443,72.7954324384283,44.6960083441316,4.43067741688038,24.634290920246848,-26.345958225583697,322.53307855698574,14.001298164504911,0,0.0,Green (Sustainable),Green (Sustainable),-1.25205219263019,Stable Labor Market
ZMB,Zambia,2012,23.4889192803801,7.59738104901994,6.57589970757698,1710.05061343728,75.367709855907,49.2118641035974,7.61304218931542,30.31363353624871,-25.918428067491302,573.7775548451036,12.665473627684356,0,0.0,Green (Sustainable),Green (Sustainable),-3.28018104901994,Stable Labor Market
ZMB,Zambia,2013,24.2239941452842,5.05753695047252,6.97767605490307,1820.71854827391,80.4562410213373,40.2456079103038,9.01882045592226,28.666152383856534,-22.208899449288605,725.6203923298485,11.100172688777729,0,0.0,Green (Sustainable),Yellow (Vulnerable),-0.7403369504725203,Stable Labor Market
ZMB,Zambia,2014,44.3958675869335,4.69328316376705,7.80687553566333,1707.48573136694,76.1934997276313,31.8981483317815,15.4540706087043,38.314588168852,-7.8850742531327995,1177.499724715106,5.979502293784533,0,0.0,Yellow (Vulnerable),Yellow (Vulnerable),-0.3760831637670501,Stable Labor Market
ZMB,Zambia,2015,49.4073473478714,2.92037511217961,10.1105928909618,1295.87788680068,79.8652687573958,24.1059303154785,19.7615398138286,40.699090876932864,-10.304873818629602,1578.2606882913983,6.648566883326723,0,0.0,Yellow (Vulnerable),Yellow (Vulnerable),1.3968248878203897,Moderate LPI Risk (Vulnerable)
ZMB,Zambia,2016,46.4328935945728,3.75510031678988,17.8697300795268,1239.08527877713,73.958561254616,14.932427982912,24.8398072774838,40.112183447411354,-15.497223775000599,1837.116408084642,22.523481978241204,0,0.0,Yellow (Vulnerable),Yellow (Vulnerable),0.5620996832101195,Stable Labor Market
ZMB,Zambia,2017,52.2809418400663,3.52586277149926,6.57731154205644,1483.46577328065,71.5856946542566,8.77064357310276,24.1498854153359,39.639231809797295,-51.262210510296704,1728.7863232775205,20.07367029538809,0,0.0,Yellow (Vulnerable),Yellow (Vulnerable),0.7913372285007396,Stable Labor Market
ZMB,Zambia,2018,59.712221166501,4.03449389667165,7.4945719272852,1463.89997855593,74.8883695274665,6.37484261968431,33.2072967329921,47.70244369085282,-11.698955008458292,2486.840308748543,,0,0.0,Yellow (Vulnerable),Yellow (Vulnerable),0.28270610332834956,Stable Labor Market
ZMB,Zambia,2019,61.9301173695734,1.44130602603785,9.15031644316296,1258.98619844462,68.791204936096,4.92786160325025,44.4538965133657,55.38284452412024,,3058.037105258943,,1,61.9301173695734,Yellow (Vulnerable),Red (Trap),2.8758939739621496,Moderate LPI Risk (Vulnerable)
ZMB,Zambia,2020,103.543152350363,-2.78505506545167,15.7330604721369,951.644316655957,79.2068494095955,4.07514672518242,38.7926945784987,68.60415765641774,,3072.647117671578,,1,103.543152350363,Red (Trap),Yellow (Vulnerable),7.10225506545167,High LPI Risk (Structural Trap)
ZMB,Zambia,2021,71.4111761749593,6.23492204726448,22.0207676245777,1127.16077872857,86.2085111934645,10.2209380297613,27.3532697369712,50.49107733378479,,2358.0846602975357,,1,71.4111761749593,Yellow (Vulnerable),,-1.9177220472644807,Stable Labor Market
